,YearMonth,temp_bins,0
0,198001,30-39F,0
1,198001,40-49F,0
2,198001,50-59F,25
3,198001,60-69F,6
4,198001,70-79F,0
5,198001,80-89F,0
6,198001,90-99F,0
7,198001,>100F,0
8,198002,30-39F,0
9,198002,40-49F,0
10,198002,50-59F,7
11,198002,60-69F,22
12,198002,70-79F,0
13,198002,80-89F,0
14,198002,90-99F,0
15,198002,>100F,0
16,198003,30-39F,0
17,198003,40-49F,0
18,198003,50-59F,9
19,198003,60-69F,20
20,198003,70-79F,2
21,198003,80-89F,0
22,198003,90-99F,0
23,198003,>100F,0
24,198004,30-39F,0
25,198004,40-49F,0
26,198004,50-59F,5
27,198004,60-69F,21
28,198004,70-79F,4
29,198004,80-89F,0
30,198004,90-99F,0
31,198004,>100F,0
32,198005,30-39F,0
33,198005,40-49F,0
34,198005,50-59F,4
35,198005,60-69F,23
36,198005,70-79F,4
37,198005,80-89F,0
38,198005,90-99F,0
39,198005,>100F,0
40,198006,30-39F,0
41,198006,40-49F,0
42,198006,50-59F,0
43,198006,60-69F,20
44,198006,70-79F,8
45,198006,80-89F,2
46,198006,90-99F,0
47,198006,>100F,0
48,198007,30-39F,0
49,198007,40-49F,0
50,198007,50-59F,0
51,198007,60-69F,9
52,198007,70-79F,14
53,198007,80-89F,8
54,198007,90-99F,0
55,198007,>100F,0
56,198008,30-39F,0
57,198008,40-49F,0
58,198008,50-59F,0
59,198008,60-69F,11
60,198008,70-79F,18
61,198008,80-89F,2
62,198008,90-99F,0
63,198008,>100F,0
64,198009,30-39F,0
65,198009,40-49F,0
66,198009,50-59F,0
67,198009,60-69F,11
68,198009,70-79F,13
69,198009,80-89F,5
70,198009,90-99F,1
71,198009,>100F,0
72,198010,30-39F,0
73,198010,40-49F,0
74,198010,50-59F,0
75,198010,60-69F,13
76,198010,70-79F,13
77,198010,80-89F,2
78,198010,90-99F,3
79,198010,>100F,0
80,198011,30-39F,0
81,198011,40-49F,0
82,198011,50-59F,0
83,198011,60-69F,26
84,198011,70-79F,4
85,198011,80-89F,0
86,198011,90-99F,0
87,198011,>100F,0
88,198012,30-39F,0
89,198012,40-49F,0
90,198012,50-59F,18
91,198012,60-69F,13
92,198012,70-79F,0
93,198012,80-89F,0
94,198012,90-99F,0
95,198012,>100F,0
96,198101,30-39F,0
97,198101,40-49F,0
98,198101,50-59F,22
99,198101,60-69F,9
100,198101,70-79F,0
101,198101,80-89F,0
102,198101,90-99F,0
103,198101,>100F,0
104,198102,30-39F,0
105,198102,40-49F,0
106,198102,50-59F,10
107,198102,60-69F,17
108,198102,70-79F,1
109,198102,80-89F,0
110,198102,90-99F,0
111,198102,>100F,0
112,198103,30-39F,0
113,198103,40-49F,0
114,198103,50-59F,13
115,198103,60-69F,18
116,198103,70-79F,0
117,198103,80-89F,0
118,198103,90-99F,0
119,198103,>100F,0
120,198104,30-39F,0
121,198104,40-49F,0
122,198104,50-59F,2
123,198104,60-69F,21
124,198104,70-79F,4
125,198104,80-89F,2
126,198104,90-99F,1
127,198104,>100F,0
128,198105,30-39F,0
129,198105,40-49F,0
130,198105,50-59F,0
131,198105,60-69F,14
132,198105,70-79F,17
133,198105,80-89F,0
134,198105,90-99F,0
135,198105,>100F,0
136,198106,30-39F,0
137,198106,40-49F,0
138,198106,50-59F,0
139,198106,60-69F,1
140,198106,70-79F,18
141,198106,80-89F,7
142,198106,90-99F,4
143,198106,>100F,0
144,198107,30-39F,0
145,198107,40-49F,0
146,198107,50-59F,0
147,198107,60-69F,7
148,198107,70-79F,17
149,198107,80-89F,6
150,198107,90-99F,1
151,198107,>100F,0
152,198108,30-39F,0
153,198108,40-49F,0
154,198108,50-59F,0
155,198108,60-69F,6
156,198108,70-79F,19
157,198108,80-89F,6
158,198108,90-99F,0
159,198108,>100F,0
160,198109,30-39F,0
161,198109,40-49F,0
162,198109,50-59F,0
163,198109,60-69F,1
164,198109,70-79F,28
165,198109,80-89F,1
166,198109,90-99F,0
167,198109,>100F,0
168,198110,30-39F,0
169,198110,40-49F,0
170,198110,50-59F,0
171,198110,60-69F,21
172,198110,70-79F,9
173,198110,80-89F,1
174,198110,90-99F,0
175,198110,>100F,0
176,198111,30-39F,0
177,198111,40-49F,0
178,198111,50-59F,6
179,198111,60-69F,21
180,198111,70-79F,3
181,198111,80-89F,0
182,198111,90-99F,0
183,198111,>100F,0
184,198112,30-39F,0
185,198112,40-49F,0
186,198112,50-59F,15
187,198112,60-69F,16
188,198112,70-79F,0
189,198112,80-89F,0
190,198112,90-99F,0
191,198112,>100F,0
192,198201,30-39F,0
193,198201,40-49F,6
194,198201,50-59F,21
195,198201,60-69F,4
196,198201,70-79F,0
197,198201,80-89F,0
198,198201,90-99F,0
199,198201,>100F,0
200,198202,30-39F,0
201,198202,40-49F,0
202,198202,50-59F,12
203,198202,60-69F,15
204,198202,70-79F,1
205,198202,80-89F,0
206,198202,90-99F,0
207,198202,>100F,0
208,198203,30-39F,0
209,198203,40-49F,0
210,198203,50-59F,16
211,198203,60-69F,15
212,198203,70-79F,0
213,198203,80-89F,0
214,198203,90-99F,0
215,198203,>100F,0
216,198204,30-39F,0
217,198204,40-49F,1
218,198204,50-59F,8
219,198204,60-69F,14
220,198204,70-79F,7
221,198204,80-89F,0
222,198204,90-99F,0
223,198204,>100F,0
224,198205,30-39F,0
225,198205,40-49F,0
226,198205,50-59F,1
227,198205,60-69F,22
228,198205,70-79F,5
229,198205,80-89F,3
230,198205,90-99F,0
231,198205,>100F,0
232,198206,30-39F,0
233,198206,40-49F,0
234,198206,50-59F,0
235,198206,60-69F,25
236,198206,70-79F,5
237,198206,80-89F,0
238,198206,90-99F,0
239,198206,>100F,0
240,198207,30-39F,0
241,198207,40-49F,0
242,198207,50-59F,0
243,198207,60-69F,12
244,198207,70-79F,16
245,198207,80-89F,3
246,198207,90-99F,0
247,198207,>100F,0
248,198208,30-39F,0
249,198208,40-49F,0
250,198208,50-59F,0
251,198208,60-69F,4
252,198208,70-79F,25
253,198208,80-89F,2
254,198208,90-99F,0
255,198208,>100F,0
256,198209,30-39F,0
257,198209,40-49F,0
258,198209,50-59F,0
259,198209,60-69F,4
260,198209,70-79F,19
261,198209,80-89F,7
262,198209,90-99F,0
263,198209,>100F,0
264,198210,30-39F,0
265,198210,40-49F,0
266,198210,50-59F,0
267,198210,60-69F,11
268,198210,70-79F,17
269,198210,80-89F,3
270,198210,90-99F,0
271,198210,>100F,0
272,198211,30-39F,0
273,198211,40-49F,0
274,198211,50-59F,22
275,198211,60-69F,5
276,198211,70-79F,3
277,198211,80-89F,0
278,198211,90-99F,0
279,198211,>100F,0
280,198212,30-39F,0
281,198212,40-49F,0
282,198212,50-59F,27
283,198212,60-69F,4
284,198212,70-79F,0
285,198212,80-89F,0
286,198212,90-99F,0
287,198212,>100F,0
288,198301,30-39F,0
289,198301,40-49F,0
290,198301,50-59F,24
291,198301,60-69F,7
292,198301,70-79F,0
293,198301,80-89F,0
294,198301,90-99F,0
295,198301,>100F,0
296,198302,30-39F,0
297,198302,40-49F,0
298,198302,50-59F,16
299,198302,60-69F,12
300,198302,70-79F,0
301,198302,80-89F,0
302,198302,90-99F,0
303,198302,>100F,0
304,198303,30-39F,0
305,198303,40-49F,0
306,198303,50-59F,15
307,198303,60-69F,16
308,198303,70-79F,0
309,198303,80-89F,0
310,198303,90-99F,0
311,198303,>100F,0
312,198304,30-39F,0
313,198304,40-49F,0
314,198304,50-59F,9
315,198304,60-69F,19
316,198304,70-79F,2
317,198304,80-89F,0
318,198304,90-99F,0
319,198304,>100F,0
320,198305,30-39F,0
321,198305,40-49F,0
322,198305,50-59F,1
323,198305,60-69F,21
324,198305,70-79F,7
325,198305,80-89F,2
326,198305,90-99F,0
327,198305,>100F,0
328,198306,30-39F,0
329,198306,40-49F,0
330,198306,50-59F,0
331,198306,60-69F,9
332,198306,70-79F,19
333,198306,80-89F,2
334,198306,90-99F,0
335,198306,>100F,0
336,198307,30-39F,0
337,198307,40-49F,0
338,198307,50-59F,0
339,198307,60-69F,6
340,198307,70-79F,19
341,198307,80-89F,4
342,198307,90-99F,2
343,198307,>100F,0
344,198308,30-39F,0
345,198308,40-49F,0
346,198308,50-59F,0
347,198308,60-69F,0
348,198308,70-79F,26
349,198308,80-89F,5
350,198308,90-99F,0
351,198308,>100F,0
352,198309,30-39F,0
353,198309,40-49F,0
354,198309,50-59F,0
355,198309,60-69F,2
356,198309,70-79F,15
357,198309,80-89F,10
358,198309,90-99F,3
359,198309,>100F,0
360,198310,30-39F,0
361,198310,40-49F,0
362,198310,50-59F,0
363,198310,60-69F,3
364,198310,70-79F,25
365,198310,80-89F,3
366,198310,90-99F,0
367,198310,>100F,0
368,198311,30-39F,0
369,198311,40-49F,0
370,198311,50-59F,9
371,198311,60-69F,19
372,198311,70-79F,2
373,198311,80-89F,0
374,198311,90-99F,0
375,198311,>100F,0
376,198312,30-39F,0
377,198312,40-49F,2
378,198312,50-59F,23
379,198312,60-69F,6
380,198312,70-79F,0
381,198312,80-89F,0
382,198312,90-99F,0
383,198312,>100F,0
384,198401,30-39F,0
385,198401,40-49F,1
386,198401,50-59F,18
387,198401,60-69F,12
388,198401,70-79F,0
389,198401,80-89F,0
390,198401,90-99F,0
391,198401,>100F,0
392,198402,30-39F,0
393,198402,40-49F,0
394,198402,50-59F,14
395,198402,60-69F,15
396,198402,70-79F,0
397,198402,80-89F,0
398,198402,90-99F,0
399,198402,>100F,0
400,198403,30-39F,0
401,198403,40-49F,0
402,198403,50-59F,1
403,198403,60-69F,24
404,198403,70-79F,6
405,198403,80-89F,0
406,198403,90-99F,0
407,198403,>100F,0
408,198404,30-39F,0
409,198404,40-49F,0
410,198404,50-59F,3
411,198404,60-69F,22
412,198404,70-79F,4
413,198404,80-89F,1
414,198404,90-99F,0
415,198404,>100F,0
416,198405,30-39F,0
417,198405,40-49F,0
418,198405,50-59F,0
419,198405,60-69F,11
420,198405,70-79F,15
421,198405,80-89F,5
422,198405,90-99F,0
423,198405,>100F,0
424,198406,30-39F,0
425,198406,40-49F,0
426,198406,50-59F,0
427,198406,60-69F,11
428,198406,70-79F,19
429,198406,80-89F,0
430,198406,90-99F,0
431,198406,>100F,0
432,198407,30-39F,0
433,198407,40-49F,0
434,198407,50-59F,0
435,198407,60-69F,2
436,198407,70-79F,19
437,198407,80-89F,10
438,198407,90-99F,0
439,198407,>100F,0
440,198408,30-39F,0
441,198408,40-49F,0
442,198408,50-59F,0
443,198408,60-69F,1
444,198408,70-79F,25
445,198408,80-89F,4
446,198408,90-99F,1
447,198408,>100F,0
448,198409,30-39F,0
449,198409,40-49F,0
450,198409,50-59F,0
451,198409,60-69F,0
452,198409,70-79F,9
453,198409,80-89F,18
454,198409,90-99F,3
455,198409,>100F,0
456,198410,30-39F,0
457,198410,40-49F,0
458,198410,50-59F,0
459,198410,60-69F,17
460,198410,70-79F,13
461,198410,80-89F,1
462,198410,90-99F,0
463,198410,>100F,0
464,198411,30-39F,0
465,198411,40-49F,0
466,198411,50-59F,14
467,198411,60-69F,16
468,198411,70-79F,0
469,198411,80-89F,0
470,198411,90-99F,0
471,198411,>100F,0
472,198412,30-39F,0
473,198412,40-49F,4
474,198412,50-59F,23
475,198412,60-69F,4
476,198412,70-79F,0
477,198412,80-89F,0
478,198412,90-99F,0
479,198412,>100F,0
480,198501,30-39F,0
481,198501,40-49F,0
482,198501,50-59F,31
483,198501,60-69F,0
484,198501,70-79F,0
485,198501,80-89F,0
486,198501,90-99F,0
487,198501,>100F,0
488,198502,30-39F,0
489,198502,40-49F,0
490,198502,50-59F,11
491,198502,60-69F,14
492,198502,70-79F,3
493,198502,80-89F,0
494,198502,90-99F,0
495,198502,>100F,0
496,198503,30-39F,0
497,198503,40-49F,0
498,198503,50-59F,17
499,198503,60-69F,13
500,198503,70-79F,1
501,198503,80-89F,0
502,198503,90-99F,0
503,198503,>100F,0
504,198504,30-39F,0
505,198504,40-49F,0
506,198504,50-59F,2
507,198504,60-69F,16
508,198504,70-79F,9
509,198504,80-89F,3
510,198504,90-99F,0
511,198504,>100F,0
512,198505,30-39F,0
513,198505,40-49F,0
514,198505,50-59F,0
515,198505,60-69F,25
516,198505,70-79F,6
517,198505,80-89F,0
518,198505,90-99F,0
519,198505,>100F,0
520,198506,30-39F,0
521,198506,40-49F,0
522,198506,50-59F,0
523,198506,60-69F,7
524,198506,70-79F,18
525,198506,80-89F,5
526,198506,90-99F,0
527,198506,>100F,0
528,198507,30-39F,0
529,198507,40-49F,0
530,198507,50-59F,0
531,198507,60-69F,5
532,198507,70-79F,18
533,198507,80-89F,7
534,198507,90-99F,1
535,198507,>100F,0
536,198508,30-39F,0
537,198508,40-49F,0
538,198508,50-59F,0
539,198508,60-69F,3
540,198508,70-79F,26
541,198508,80-89F,2
542,198508,90-99F,0
543,198508,>100F,0
544,198509,30-39F,0
545,198509,40-49F,0
546,198509,50-59F,0
547,198509,60-69F,12
548,198509,70-79F,16
549,198509,80-89F,2
550,198509,90-99F,0
551,198509,>100F,0
552,198510,30-39F,0
553,198510,40-49F,0
554,198510,50-59F,0
555,198510,60-69F,17
556,198510,70-79F,10
557,198510,80-89F,2
558,198510,90-99F,2
559,198510,>100F,0
560,198511,30-39F,0
561,198511,40-49F,0
562,198511,50-59F,21
563,198511,60-69F,2
564,198511,70-79F,7
565,198511,80-89F,0
566,198511,90-99F,0
567,198511,>100F,0
568,198512,30-39F,0
569,198512,40-49F,1
570,198512,50-59F,25
571,198512,60-69F,5
572,198512,70-79F,0
573,198512,80-89F,0
574,198512,90-99F,0
575,198512,>100F,0
576,198601,30-39F,0
577,198601,40-49F,0
578,198601,50-59F,13
579,198601,60-69F,18
580,198601,70-79F,0
581,198601,80-89F,0
582,198601,90-99F,0
583,198601,>100F,0
584,198602,30-39F,0
585,198602,40-49F,0
586,198602,50-59F,14
587,198602,60-69F,9
588,198602,70-79F,5
589,198602,80-89F,0
590,198602,90-99F,0
591,198602,>100F,0
592,198603,30-39F,0
593,198603,40-49F,0
594,198603,50-59F,5
595,198603,60-69F,16
596,198603,70-79F,10
597,198603,80-89F,0
598,198603,90-99F,0
599,198603,>100F,0
600,198604,30-39F,0
601,198604,40-49F,0
602,198604,50-59F,2
603,198604,60-69F,24
604,198604,70-79F,3
605,198604,80-89F,1
606,198604,90-99F,0
607,198604,>100F,0
608,198605,30-39F,0
609,198605,40-49F,0
610,198605,50-59F,0
611,198605,60-69F,19
612,198605,70-79F,11
613,198605,80-89F,1
614,198605,90-99F,0
615,198605,>100F,0
616,198606,30-39F,0
617,198606,40-49F,0
618,198606,50-59F,0
619,198606,60-69F,13
620,198606,70-79F,14
621,198606,80-89F,3
622,198606,90-99F,0
623,198606,>100F,0
624,198607,30-39F,0
625,198607,40-49F,0
626,198607,50-59F,0
627,198607,60-69F,5
628,198607,70-79F,25
629,198607,80-89F,1
630,198607,90-99F,0
631,198607,>100F,0
632,198608,30-39F,0
633,198608,40-49F,0
634,198608,50-59F,0
635,198608,60-69F,5
636,198608,70-79F,26
637,198608,80-89F,0
638,198608,90-99F,0
639,198608,>100F,0
640,198609,30-39F,0
641,198609,40-49F,0
642,198609,50-59F,0
643,198609,60-69F,17
644,198609,70-79F,13
645,198609,80-89F,0
646,198609,90-99F,0
647,198609,>100F,0
648,198610,30-39F,0
649,198610,40-49F,0
650,198610,50-59F,0
651,198610,60-69F,15
652,198610,70-79F,12
653,198610,80-89F,4
654,198610,90-99F,0
655,198610,>100F,0
656,198611,30-39F,0
657,198611,40-49F,0
658,198611,50-59F,1
659,198611,60-69F,19
660,198611,70-79F,10
661,198611,80-89F,0
662,198611,90-99F,0
663,198611,>100F,0
664,198612,30-39F,0
665,198612,40-49F,1
666,198612,50-59F,19
667,198612,60-69F,11
668,198612,70-79F,0
669,198612,80-89F,0
670,198612,90-99F,0
671,198612,>100F,0
672,198701,30-39F,0
673,198701,40-49F,1
674,198701,50-59F,27
675,198701,60-69F,3
676,198701,70-79F,0
677,198701,80-89F,0
678,198701,90-99F,0
679,198701,>100F,0
680,198702,30-39F,0
681,198702,40-49F,0
682,198702,50-59F,14
683,198702,60-69F,13
684,198702,70-79F,1
685,198702,80-89F,0
686,198702,90-99F,0
687,198702,>100F,0
688,198703,30-39F,0
689,198703,40-49F,0
690,198703,50-59F,13
691,198703,60-69F,12
692,198703,70-79F,6
693,198703,80-89F,0
694,198703,90-99F,0
695,198703,>100F,0
696,198704,30-39F,0
697,198704,40-49F,0
698,198704,50-59F,0
699,198704,60-69F,13
700,198704,70-79F,14
701,198704,80-89F,3
702,198704,90-99F,0
703,198704,>100F,0
704,198705,30-39F,0
705,198705,40-49F,0
706,198705,50-59F,0
707,198705,60-69F,18
708,198705,70-79F,8
709,198705,80-89F,5
710,198705,90-99F,0
711,198705,>100F,0
712,198706,30-39F,0
713,198706,40-49F,0
714,198706,50-59F,0
715,198706,60-69F,12
716,198706,70-79F,17
717,198706,80-89F,1
718,198706,90-99F,0
719,198706,>100F,0
720,198707,30-39F,0
721,198707,40-49F,0
722,198707,50-59F,0
723,198707,60-69F,5
724,198707,70-79F,26
725,198707,80-89F,0
726,198707,90-99F,0
727,198707,>100F,0
728,198708,30-39F,0
729,198708,40-49F,0
730,198708,50-59F,0
731,198708,60-69F,3
732,198708,70-79F,25
733,198708,80-89F,3
734,198708,90-99F,0
735,198708,>100F,0
736,198709,30-39F,0
737,198709,40-49F,0
738,198709,50-59F,0
739,198709,60-69F,4
740,198709,70-79F,22
741,198709,80-89F,4
742,198709,90-99F,0
743,198709,>100F,0
744,198710,30-39F,0
745,198710,40-49F,0
746,198710,50-59F,0
747,198710,60-69F,16
748,198710,70-79F,11
749,198710,80-89F,1
750,198710,90-99F,3
751,198710,>100F,0
752,198711,30-39F,0
753,198711,40-49F,0
754,198711,50-59F,2
755,198711,60-69F,28
756,198711,70-79F,0
757,198711,80-89F,0
758,198711,90-99F,0
759,198711,>100F,0
760,198712,30-39F,0
761,198712,40-49F,2
762,198712,50-59F,24
763,198712,60-69F,5
764,198712,70-79F,0
765,198712,80-89F,0
766,198712,90-99F,0
767,198712,>100F,0
768,198801,30-39F,0
769,198801,40-49F,3
770,198801,50-59F,20
771,198801,60-69F,8
772,198801,70-79F,0
773,198801,80-89F,0
774,198801,90-99F,0
775,198801,>100F,0
776,198802,30-39F,0
777,198802,40-49F,0
778,198802,50-59F,4
779,198802,60-69F,22
780,198802,70-79F,3
781,198802,80-89F,0
782,198802,90-99F,0
783,198802,>100F,0
784,198803,30-39F,0
785,198803,40-49F,0
786,198803,50-59F,1
787,198803,60-69F,21
788,198803,70-79F,9
789,198803,80-89F,0
790,198803,90-99F,0
791,198803,>100F,0
792,198804,30-39F,0
793,198804,40-49F,0
794,198804,50-59F,2
795,198804,60-69F,20
796,198804,70-79F,5
797,198804,80-89F,3
798,198804,90-99F,0
799,198804,>100F,0
800,198805,30-39F,0
801,198805,40-49F,0
802,198805,50-59F,3
803,198805,60-69F,17
804,198805,70-79F,9
805,198805,80-89F,2
806,198805,90-99F,0
807,198805,>100F,0
808,198806,30-39F,0
809,198806,40-49F,0
810,198806,50-59F,0
811,198806,60-69F,12
812,198806,70-79F,18
813,198806,80-89F,0
814,198806,90-99F,0
815,198806,>100F,0
816,198807,30-39F,0
817,198807,40-49F,0
818,198807,50-59F,0
819,198807,60-69F,2
820,198807,70-79F,24
821,198807,80-89F,3
822,198807,90-99F,2
823,198807,>100F,0
824,198808,30-39F,0
825,198808,40-49F,0
826,198808,50-59F,0
827,198808,60-69F,5
828,198808,70-79F,22
829,198808,80-89F,4
830,198808,90-99F,0
831,198808,>100F,0
832,198809,30-39F,0
833,198809,40-49F,0
834,198809,50-59F,0
835,198809,60-69F,7
836,198809,70-79F,18
837,198809,80-89F,5
838,198809,90-99F,0
839,198809,>100F,0
840,198810,30-39F,0
841,198810,40-49F,0
842,198810,50-59F,1
843,198810,60-69F,16
844,198810,70-79F,10
845,198810,80-89F,4
846,198810,90-99F,0
847,198810,>100F,0
848,198811,30-39F,0
849,198811,40-49F,0
850,198811,50-59F,16
851,198811,60-69F,11
852,198811,70-79F,3
853,198811,80-89F,0
854,198811,90-99F,0
855,198811,>100F,0
856,198812,30-39F,0
857,198812,40-49F,7
858,198812,50-59F,10
859,198812,60-69F,14
860,198812,70-79F,0
861,198812,80-89F,0
862,198812,90-99F,0
863,198812,>100F,0
864,198901,30-39F,0
865,198901,40-49F,4
866,198901,50-59F,21
867,198901,60-69F,6
868,198901,70-79F,0
869,198901,80-89F,0
870,198901,90-99F,0
871,198901,>100F,0
872,198902,30-39F,0
873,198902,40-49F,8
874,198902,50-59F,14
875,198902,60-69F,6
876,198902,70-79F,0
877,198902,80-89F,0
878,198902,90-99F,0
879,198902,>100F,0
880,198903,30-39F,0
881,198903,40-49F,0
882,198903,50-59F,10
883,198903,60-69F,21
884,198903,70-79F,0
885,198903,80-89F,0
886,198903,90-99F,0
887,198903,>100F,0
888,198904,30-39F,0
889,198904,40-49F,0
890,198904,50-59F,3
891,198904,60-69F,19
892,198904,70-79F,3
893,198904,80-89F,5
894,198904,90-99F,0
895,198904,>100F,0
896,198905,30-39F,0
897,198905,40-49F,0
898,198905,50-59F,0
899,198905,60-69F,23
900,198905,70-79F,8
901,198905,80-89F,0
902,198905,90-99F,0
903,198905,>100F,0
904,198906,30-39F,0
905,198906,40-49F,0
906,198906,50-59F,0
907,198906,60-69F,15
908,198906,70-79F,11
909,198906,80-89F,3
910,198906,90-99F,1
911,198906,>100F,0
912,198907,30-39F,0
913,198907,40-49F,0
914,198907,50-59F,0
915,198907,60-69F,1
916,198907,70-79F,26
917,198907,80-89F,4
918,198907,90-99F,0
919,198907,>100F,0
920,198908,30-39F,0
921,198908,40-49F,0
922,198908,50-59F,0
923,198908,60-69F,5
924,198908,70-79F,24
925,198908,80-89F,2
926,198908,90-99F,0
927,198908,>100F,0
928,198909,30-39F,0
929,198909,40-49F,0
930,198909,50-59F,0
931,198909,60-69F,10
932,198909,70-79F,19
933,198909,80-89F,1
934,198909,90-99F,0
935,198909,>100F,0
936,198910,30-39F,0
937,198910,40-49F,0
938,198910,50-59F,0
939,198910,60-69F,17
940,198910,70-79F,10
941,198910,80-89F,4
942,198910,90-99F,0
943,198910,>100F,0
944,198911,30-39F,0
945,198911,40-49F,0
946,198911,50-59F,7
947,198911,60-69F,12
948,198911,70-79F,11
949,198911,80-89F,0
950,198911,90-99F,0
951,198911,>100F,0
952,198912,30-39F,0
953,198912,40-49F,0
954,198912,50-59F,16
955,198912,60-69F,15
956,198912,70-79F,0
957,198912,80-89F,0
958,198912,90-99F,0
959,198912,>100F,0
960,199001,30-39F,0
961,199001,40-49F,0
962,199001,50-59F,25
963,199001,60-69F,6
964,199001,70-79F,0
965,199001,80-89F,0
966,199001,90-99F,0
967,199001,>100F,0
968,199002,30-39F,0
969,199002,40-49F,3
970,199002,50-59F,17
971,199002,60-69F,8
972,199002,70-79F,0
973,199002,80-89F,0
974,199002,90-99F,0
975,199002,>100F,0
976,199003,30-39F,0
977,199003,40-49F,0
978,199003,50-59F,13
979,199003,60-69F,18
980,199003,70-79F,0
981,199003,80-89F,0
982,199003,90-99F,0
983,199003,>100F,0
984,199004,30-39F,0
985,199004,40-49F,0
986,199004,50-59F,0
987,199004,60-69F,18
988,199004,70-79F,11
989,199004,80-89F,1
990,199004,90-99F,0
991,199004,>100F,0
992,199005,30-39F,0
993,199005,40-49F,0
994,199005,50-59F,2
995,199005,60-69F,20
996,199005,70-79F,6
997,199005,80-89F,3
998,199005,90-99F,0
999,199005,>100F,0
1000,199006,30-39F,0
1001,199006,40-49F,0
1002,199006,50-59F,0
1003,199006,60-69F,8
1004,199006,70-79F,18
1005,199006,80-89F,4
1006,199006,90-99F,0
1007,199006,>100F,0
1008,199007,30-39F,0
1009,199007,40-49F,0
1010,199007,50-59F,0
1011,199007,60-69F,3
1012,199007,70-79F,24
1013,199007,80-89F,4
1014,199007,90-99F,0
1015,199007,>100F,0
1016,199008,30-39F,0
1017,199008,40-49F,0
1018,199008,50-59F,0
1019,199008,60-69F,2
1020,199008,70-79F,23
1021,199008,80-89F,6
1022,199008,90-99F,0
1023,199008,>100F,0
1024,199009,30-39F,0
1025,199009,40-49F,0
1026,199009,50-59F,0
1027,199009,60-69F,0
1028,199009,70-79F,26
1029,199009,80-89F,4
1030,199009,90-99F,0
1031,199009,>100F,0
1032,199010,30-39F,0
1033,199010,40-49F,0
1034,199010,50-59F,0
1035,199010,60-69F,4
1036,199010,70-79F,20
1037,199010,80-89F,7
1038,199010,90-99F,0
1039,199010,>100F,0
1040,199011,30-39F,0
1041,199011,40-49F,0
1042,199011,50-59F,6
1043,199011,60-69F,17
1044,199011,70-79F,7
1045,199011,80-89F,0
1046,199011,90-99F,0
1047,199011,>100F,0
1048,199012,30-39F,3
1049,199012,40-49F,2
1050,199012,50-59F,17
1051,199012,60-69F,9
1052,199012,70-79F,0
1053,199012,80-89F,0
1054,199012,90-99F,0
1055,199012,>100F,0
1056,199101,30-39F,0
1057,199101,40-49F,0
1058,199101,50-59F,22
1059,199101,60-69F,9
1060,199101,70-79F,0
1061,199101,80-89F,0
1062,199101,90-99F,0
1063,199101,>100F,0
1064,199102,30-39F,0
1065,199102,40-49F,0
1066,199102,50-59F,2
1067,199102,60-69F,21
1068,199102,70-79F,5
1069,199102,80-89F,0
1070,199102,90-99F,0
1071,199102,>100F,0
1072,199103,30-39F,0
1073,199103,40-49F,0
1074,199103,50-59F,22
1075,199103,60-69F,9
1076,199103,70-79F,0
1077,199103,80-89F,0
1078,199103,90-99F,0
1079,199103,>100F,0
1080,199104,30-39F,0
1081,199104,40-49F,0
1082,199104,50-59F,7
1083,199104,60-69F,16
1084,199104,70-79F,7
1085,199104,80-89F,0
1086,199104,90-99F,0
1087,199104,>100F,0
1088,199105,30-39F,0
1089,199105,40-49F,0
1090,199105,50-59F,5
1091,199105,60-69F,18
1092,199105,70-79F,8
1093,199105,80-89F,0
1094,199105,90-99F,0
1095,199105,>100F,0
1096,199106,30-39F,0
1097,199106,40-49F,0
1098,199106,50-59F,0
1099,199106,60-69F,14
1100,199106,70-79F,16
1101,199106,80-89F,0
1102,199106,90-99F,0
1103,199106,>100F,0
1104,199107,30-39F,0
1105,199107,40-49F,0
1106,199107,50-59F,0
1107,199107,60-69F,5
1108,199107,70-79F,20
1109,199107,80-89F,5
1110,199107,90-99F,1
1111,199107,>100F,0
1112,199108,30-39F,0
1113,199108,40-49F,0
1114,199108,50-59F,0
1115,199108,60-69F,7
1116,199108,70-79F,21
1117,199108,80-89F,3
1118,199108,90-99F,0
1119,199108,>100F,0
1120,199109,30-39F,0
1121,199109,40-49F,0
1122,199109,50-59F,0
1123,199109,60-69F,2
1124,199109,70-79F,20
1125,199109,80-89F,8
1126,199109,90-99F,0
1127,199109,>100F,0
1128,199110,30-39F,0
1129,199110,40-49F,0
1130,199110,50-59F,0
1131,199110,60-69F,10
1132,199110,70-79F,7
1133,199110,80-89F,13
1134,199110,90-99F,1
1135,199110,>100F,0
1136,199111,30-39F,0
1137,199111,40-49F,0
1138,199111,50-59F,3
1139,199111,60-69F,18
1140,199111,70-79F,9
1141,199111,80-89F,0
1142,199111,90-99F,0
1143,199111,>100F,0
1144,199112,30-39F,0
1145,199112,40-49F,0
1146,199112,50-59F,18
1147,199112,60-69F,13
1148,199112,70-79F,0
1149,199112,80-89F,0
1150,199112,90-99F,0
1151,199112,>100F,0
1152,199201,30-39F,0
1153,199201,40-49F,2
1154,199201,50-59F,27
1155,199201,60-69F,2
1156,199201,70-79F,0
1157,199201,80-89F,0
1158,199201,90-99F,0
1159,199201,>100F,0
1160,199202,30-39F,0
1161,199202,40-49F,0
1162,199202,50-59F,14
1163,199202,60-69F,11
1164,199202,70-79F,4
1165,199202,80-89F,0
1166,199202,90-99F,0
1167,199202,>100F,0
1168,199203,30-39F,0
1169,199203,40-49F,0
1170,199203,50-59F,6
1171,199203,60-69F,25
1172,199203,70-79F,0
1173,199203,80-89F,0
1174,199203,90-99F,0
1175,199203,>100F,0
1176,199204,30-39F,0
1177,199204,40-49F,0
1178,199204,50-59F,0
1179,199204,60-69F,17
1180,199204,70-79F,12
1181,199204,80-89F,1
1182,199204,90-99F,0
1183,199204,>100F,0
1184,199205,30-39F,0
1185,199205,40-49F,0
1186,199205,50-59F,0
1187,199205,60-69F,4
1188,199205,70-79F,25
1189,199205,80-89F,2
1190,199205,90-99F,0
1191,199205,>100F,0
1192,199206,30-39F,0
1193,199206,40-49F,0
1194,199206,50-59F,0
1195,199206,60-69F,11
1196,199206,70-79F,19
1197,199206,80-89F,0
1198,199206,90-99F,0
1199,199206,>100F,0
1200,199207,30-39F,0
1201,199207,40-49F,0
1202,199207,50-59F,0
1203,199207,60-69F,0
1204,199207,70-79F,26
1205,199207,80-89F,5
1206,199207,90-99F,0
1207,199207,>100F,0
1208,199208,30-39F,0
1209,199208,40-49F,0
1210,199208,50-59F,0
1211,199208,60-69F,2
1212,199208,70-79F,16
1213,199208,80-89F,13
1214,199208,90-99F,0
1215,199208,>100F,0
1216,199209,30-39F,0
1217,199209,40-49F,0
1218,199209,50-59F,0
1219,199209,60-69F,3
1220,199209,70-79F,18
1221,199209,80-89F,9
1222,199209,90-99F,0
1223,199209,>100F,0
1224,199210,30-39F,0
1225,199210,40-49F,0
1226,199210,50-59F,0
1227,199210,60-69F,10
1228,199210,70-79F,14
1229,199210,80-89F,7
1230,199210,90-99F,0
1231,199210,>100F,0
1232,199211,30-39F,0
1233,199211,40-49F,0
1234,199211,50-59F,5
1235,199211,60-69F,20
1236,199211,70-79F,5
1237,199211,80-89F,0
1238,199211,90-99F,0
1239,199211,>100F,0
1240,199212,30-39F,0
1241,199212,40-49F,5
1242,199212,50-59F,25
1243,199212,60-69F,1
1244,199212,70-79F,0
1245,199212,80-89F,0
1246,199212,90-99F,0
1247,199212,>100F,0
1248,199301,30-39F,0
1249,199301,40-49F,7
1250,199301,50-59F,20
1251,199301,60-69F,4
1252,199301,70-79F,0
1253,199301,80-89F,0
1254,199301,90-99F,0
1255,199301,>100F,0
1256,199302,30-39F,0
1257,199302,40-49F,1
1258,199302,50-59F,22
1259,199302,60-69F,5
1260,199302,70-79F,0
1261,199302,80-89F,0
1262,199302,90-99F,0
1263,199302,>100F,0
1264,199303,30-39F,0
1265,199303,40-49F,0
1266,199303,50-59F,7
1267,199303,60-69F,20
1268,199303,70-79F,4
1269,199303,80-89F,0
1270,199303,90-99F,0
1271,199303,>100F,0
1272,199304,30-39F,0
1273,199304,40-49F,0
1274,199304,50-59F,3
1275,199304,60-69F,24
1276,199304,70-79F,3
1277,199304,80-89F,0
1278,199304,90-99F,0
1279,199304,>100F,0
1280,199305,30-39F,0
1281,199305,40-49F,0
1282,199305,50-59F,0
1283,199305,60-69F,20
1284,199305,70-79F,9
1285,199305,80-89F,2
1286,199305,90-99F,0
1287,199305,>100F,0
1288,199306,30-39F,0
1289,199306,40-49F,0
1290,199306,50-59F,0
1291,199306,60-69F,8
1292,199306,70-79F,11
1293,199306,80-89F,8
1294,199306,90-99F,3
1295,199306,>100F,0
1296,199307,30-39F,0
1297,199307,40-49F,0
1298,199307,50-59F,0
1299,199307,60-69F,4
1300,199307,70-79F,23
1301,199307,80-89F,3
1302,199307,90-99F,1
1303,199307,>100F,0
1304,199308,30-39F,0
1305,199308,40-49F,0
1306,199308,50-59F,0
1307,199308,60-69F,7
1308,199308,70-79F,12
1309,199308,80-89F,8
1310,199308,90-99F,4
1311,199308,>100F,0
1312,199309,30-39F,0
1313,199309,40-49F,0
1314,199309,50-59F,0
1315,199309,60-69F,9
1316,199309,70-79F,11
1317,199309,80-89F,9
1318,199309,90-99F,1
1319,199309,>100F,0
1320,199310,30-39F,0
1321,199310,40-49F,0
1322,199310,50-59F,0
1323,199310,60-69F,12
1324,199310,70-79F,16
1325,199310,80-89F,3
1326,199310,90-99F,0
1327,199310,>100F,0
1328,199311,30-39F,0
1329,199311,40-49F,0
1330,199311,50-59F,11
1331,199311,60-69F,12
1332,199311,70-79F,7
1333,199311,80-89F,0
1334,199311,90-99F,0
1335,199311,>100F,0
1336,199312,30-39F,0
1337,199312,40-49F,6
1338,199312,50-59F,21
1339,199312,60-69F,4
1340,199312,70-79F,0
1341,199312,80-89F,0
1342,199312,90-99F,0
1343,199312,>100F,0
1344,199401,30-39F,0
1345,199401,40-49F,0
1346,199401,50-59F,20
1347,199401,60-69F,11
1348,199401,70-79F,0
1349,199401,80-89F,0
1350,199401,90-99F,0
1351,199401,>100F,0
1352,199402,30-39F,0
1353,199402,40-49F,2
1354,199402,50-59F,22
1355,199402,60-69F,4
1356,199402,70-79F,0
1357,199402,80-89F,0
1358,199402,90-99F,0
1359,199402,>100F,0
1360,199403,30-39F,0
1361,199403,40-49F,0
1362,199403,50-59F,8
1363,199403,60-69F,18
1364,199403,70-79F,5
1365,199403,80-89F,0
1366,199403,90-99F,0
1367,199403,>100F,0
1368,199404,30-39F,0
1369,199404,40-49F,0
1370,199404,50-59F,9
1371,199404,60-69F,16
1372,199404,70-79F,5
1373,199404,80-89F,0
1374,199404,90-99F,0
1375,199404,>100F,0
1376,199405,30-39F,0
1377,199405,40-49F,0
1378,199405,50-59F,3
1379,199405,60-69F,23
1380,199405,70-79F,4
1381,199405,80-89F,1
1382,199405,90-99F,0
1383,199405,>100F,0
1384,199406,30-39F,0
1385,199406,40-49F,0
1386,199406,50-59F,0
1387,199406,60-69F,11
1388,199406,70-79F,14
1389,199406,80-89F,4
1390,199406,90-99F,1
1391,199406,>100F,0
1392,199407,30-39F,0
1393,199407,40-49F,0
1394,199407,50-59F,0
1395,199407,60-69F,10
1396,199407,70-79F,19
1397,199407,80-89F,2
1398,199407,90-99F,0
1399,199407,>100F,0
1400,199408,30-39F,0
1401,199408,40-49F,0
1402,199408,50-59F,0
1403,199408,60-69F,1
1404,199408,70-79F,21
1405,199408,80-89F,7
1406,199408,90-99F,2
1407,199408,>100F,0
1408,199409,30-39F,0
1409,199409,40-49F,0
1410,199409,50-59F,0
1411,199409,60-69F,5
1412,199409,70-79F,21
1413,199409,80-89F,4
1414,199409,90-99F,0
1415,199409,>100F,0
1416,199410,30-39F,0
1417,199410,40-49F,0
1418,199410,50-59F,0
1419,199410,60-69F,17
1420,199410,70-79F,12
1421,199410,80-89F,2
1422,199410,90-99F,0
1423,199410,>100F,0
1424,199411,30-39F,0
1425,199411,40-49F,1
1426,199411,50-59F,26
1427,199411,60-69F,3
1428,199411,70-79F,0
1429,199411,80-89F,0
1430,199411,90-99F,0
1431,199411,>100F,0
1432,199412,30-39F,0
1433,199412,40-49F,2
1434,199412,50-59F,28
1435,199412,60-69F,1
1436,199412,70-79F,0
1437,199412,80-89F,0
1438,199412,90-99F,0
1439,199412,>100F,0
1440,199501,30-39F,0
1441,199501,40-49F,0
1442,199501,50-59F,26
1443,199501,60-69F,5
1444,199501,70-79F,0
1445,199501,80-89F,0
1446,199501,90-99F,0
1447,199501,>100F,0
1448,199502,30-39F,0
1449,199502,40-49F,0
1450,199502,50-59F,8
1451,199502,60-69F,18
1452,199502,70-79F,2
1453,199502,80-89F,0
1454,199502,90-99F,0
1455,199502,>100F,0
1456,199503,30-39F,0
1457,199503,40-49F,1
1458,199503,50-59F,16
1459,199503,60-69F,13
1460,199503,70-79F,1
1461,199503,80-89F,0
1462,199503,90-99F,0
1463,199503,>100F,0
1464,199504,30-39F,0
1465,199504,40-49F,0
1466,199504,50-59F,11
1467,199504,60-69F,15
1468,199504,70-79F,4
1469,199504,80-89F,0
1470,199504,90-99F,0
1471,199504,>100F,0
1472,199505,30-39F,0
1473,199505,40-49F,0
1474,199505,50-59F,6
1475,199505,60-69F,19
1476,199505,70-79F,6
1477,199505,80-89F,0
1478,199505,90-99F,0
1479,199505,>100F,0
1480,199506,30-39F,0
1481,199506,40-49F,0
1482,199506,50-59F,1
1483,199506,60-69F,19
1484,199506,70-79F,5
1485,199506,80-89F,3
1486,199506,90-99F,2
1487,199506,>100F,0
1488,199507,30-39F,0
1489,199507,40-49F,0
1490,199507,50-59F,0
1491,199507,60-69F,5
1492,199507,70-79F,15
1493,199507,80-89F,8
1494,199507,90-99F,3
1495,199507,>100F,0
1496,199508,30-39F,0
1497,199508,40-49F,0
1498,199508,50-59F,0
1499,199508,60-69F,1
1500,199508,70-79F,19
1501,199508,80-89F,10
1502,199508,90-99F,1
1503,199508,>100F,0
1504,199509,30-39F,0
1505,199509,40-49F,0
1506,199509,50-59F,0
1507,199509,60-69F,1
1508,199509,70-79F,23
1509,199509,80-89F,5
1510,199509,90-99F,1
1511,199509,>100F,0
1512,199510,30-39F,0
1513,199510,40-49F,0
1514,199510,50-59F,1
1515,199510,60-69F,5
1516,199510,70-79F,17
1517,199510,80-89F,8
1518,199510,90-99F,0
1519,199510,>100F,0
1520,199511,30-39F,0
1521,199511,40-49F,0
1522,199511,50-59F,0
1523,199511,60-69F,19
1524,199511,70-79F,11
1525,199511,80-89F,0
1526,199511,90-99F,0
1527,199511,>100F,0
1528,199512,30-39F,0
1529,199512,40-49F,0
1530,199512,50-59F,22
1531,199512,60-69F,9
1532,199512,70-79F,0
1533,199512,80-89F,0
1534,199512,90-99F,0
1535,199512,>100F,0
1536,199601,30-39F,0
1537,199601,40-49F,1
1538,199601,50-59F,23
1539,199601,60-69F,7
1540,199601,70-79F,0
1541,199601,80-89F,0
1542,199601,90-99F,0
1543,199601,>100F,0
1544,199602,30-39F,0
1545,199602,40-49F,4
1546,199602,50-59F,11
1547,199602,60-69F,12
1548,199602,70-79F,2
1549,199602,80-89F,0
1550,199602,90-99F,0
1551,199602,>100F,0
1552,199603,30-39F,0
1553,199603,40-49F,0
1554,199603,50-59F,13
1555,199603,60-69F,13
1556,199603,70-79F,5
1557,199603,80-89F,0
1558,199603,90-99F,0
1559,199603,>100F,0
1560,199604,30-39F,0
1561,199604,40-49F,0
1562,199604,50-59F,6
1563,199604,60-69F,13
1564,199604,70-79F,9
1565,199604,80-89F,2
1566,199604,90-99F,0
1567,199604,>100F,0
1568,199605,30-39F,0
1569,199605,40-49F,0
1570,199605,50-59F,0
1571,199605,60-69F,21
1572,199605,70-79F,5
1573,199605,80-89F,5
1574,199605,90-99F,0
1575,199605,>100F,0
1576,199606,30-39F,0
1577,199606,40-49F,0
1578,199606,50-59F,2
1579,199606,60-69F,8
1580,199606,70-79F,13
1581,199606,80-89F,5
1582,199606,90-99F,2
1583,199606,>100F,0
1584,199607,30-39F,0
1585,199607,40-49F,0
1586,199607,50-59F,0
1587,199607,60-69F,2
1588,199607,70-79F,12
1589,199607,80-89F,14
1590,199607,90-99F,3
1591,199607,>100F,0
1592,199608,30-39F,0
1593,199608,40-49F,0
1594,199608,50-59F,0
1595,199608,60-69F,3
1596,199608,70-79F,11
1597,199608,80-89F,12
1598,199608,90-99F,5
1599,199608,>100F,0
1600,199609,30-39F,0
1601,199609,40-49F,0
1602,199609,50-59F,0
1603,199609,60-69F,5
1604,199609,70-79F,17
1605,199609,80-89F,8
1606,199609,90-99F,0
1607,199609,>100F,0
1608,199610,30-39F,0
1609,199610,40-49F,0
1610,199610,50-59F,4
1611,199610,60-69F,11
1612,199610,70-79F,9
1613,199610,80-89F,4
1614,199610,90-99F,3
1615,199610,>100F,0
1616,199611,30-39F,0
1617,199611,40-49F,0
1618,199611,50-59F,8
1619,199611,60-69F,18
1620,199611,70-79F,4
1621,199611,80-89F,0
1622,199611,90-99F,0
1623,199611,>100F,0
1624,199612,30-39F,0
1625,199612,40-49F,0
1626,199612,50-59F,25
1627,199612,60-69F,6
1628,199612,70-79F,0
1629,199612,80-89F,0
1630,199612,90-99F,0
1631,199612,>100F,0
1632,199701,30-39F,0
1633,199701,40-49F,5
1634,199701,50-59F,20
1635,199701,60-69F,6
1636,199701,70-79F,0
1637,199701,80-89F,0
1638,199701,90-99F,0
1639,199701,>100F,0
1640,199702,30-39F,0
1641,199702,40-49F,0
1642,199702,50-59F,12
1643,199702,60-69F,16
1644,199702,70-79F,0
1645,199702,80-89F,0
1646,199702,90-99F,0
1647,199702,>100F,0
1648,199703,30-39F,0
1649,199703,40-49F,0
1650,199703,50-59F,6
1651,199703,60-69F,14
1652,199703,70-79F,11
1653,199703,80-89F,0
1654,199703,90-99F,0
1655,199703,>100F,0
1656,199704,30-39F,0
1657,199704,40-49F,0
1658,199704,50-59F,2
1659,199704,60-69F,20
1660,199704,70-79F,8
1661,199704,80-89F,0
1662,199704,90-99F,0
1663,199704,>100F,0
1664,199705,30-39F,0
1665,199705,40-49F,0
1666,199705,50-59F,0
1667,199705,60-69F,6
1668,199705,70-79F,19
1669,199705,80-89F,4
1670,199705,90-99F,2
1671,199705,>100F,0
1672,199706,30-39F,0
1673,199706,40-49F,0
1674,199706,50-59F,0
1675,199706,60-69F,7
1676,199706,70-79F,19
1677,199706,80-89F,4
1678,199706,90-99F,0
1679,199706,>100F,0
1680,199707,30-39F,0
1681,199707,40-49F,0
1682,199707,50-59F,0
1683,199707,60-69F,0
1684,199707,70-79F,22
1685,199707,80-89F,9
1686,199707,90-99F,0
1687,199707,>100F,0
1688,199708,30-39F,0
1689,199708,40-49F,0
1690,199708,50-59F,0
1691,199708,60-69F,0
1692,199708,70-79F,24
1693,199708,80-89F,4
1694,199708,90-99F,3
1695,199708,>100F,0
1696,199709,30-39F,0
1697,199709,40-49F,0
1698,199709,50-59F,0
1699,199709,60-69F,0
1700,199709,70-79F,16
1701,199709,80-89F,11
1702,199709,90-99F,3
1703,199709,>100F,0
1704,199710,30-39F,0
1705,199710,40-49F,0
1706,199710,50-59F,0
1707,199710,60-69F,14
1708,199710,70-79F,14
1709,199710,80-89F,3
1710,199710,90-99F,0
1711,199710,>100F,0
1712,199711,30-39F,0
1713,199711,40-49F,0
1714,199711,50-59F,12
1715,199711,60-69F,13
1716,199711,70-79F,3
1717,199711,80-89F,2
1718,199711,90-99F,0
1719,199711,>100F,0
1720,199712,30-39F,0
1721,199712,40-49F,0
1722,199712,50-59F,28
1723,199712,60-69F,3
1724,199712,70-79F,0
1725,199712,80-89F,0
1726,199712,90-99F,0
1727,199712,>100F,0
1728,199801,30-39F,0
1729,199801,40-49F,2
1730,199801,50-59F,24
1731,199801,60-69F,5
1732,199801,70-79F,0
1733,199801,80-89F,0
1734,199801,90-99F,0
1735,199801,>100F,0
1736,199802,30-39F,0
1737,199802,40-49F,0
1738,199802,50-59F,27
1739,199802,60-69F,1
1740,199802,70-79F,0
1741,199802,80-89F,0
1742,199802,90-99F,0
1743,199802,>100F,0
1744,199803,30-39F,0
1745,199803,40-49F,0
1746,199803,50-59F,9
1747,199803,60-69F,19
1748,199803,70-79F,3
1749,199803,80-89F,0
1750,199803,90-99F,0
1751,199803,>100F,0
1752,199804,30-39F,0
1753,199804,40-49F,0
1754,199804,50-59F,13
1755,199804,60-69F,9
1756,199804,70-79F,7
1757,199804,80-89F,1
1758,199804,90-99F,0
1759,199804,>100F,0
1760,199805,30-39F,0
1761,199805,40-49F,0
1762,199805,50-59F,11
1763,199805,60-69F,19
1764,199805,70-79F,1
1765,199805,80-89F,0
1766,199805,90-99F,0
1767,199805,>100F,0
1768,199806,30-39F,0
1769,199806,40-49F,0
1770,199806,50-59F,1
1771,199806,60-69F,20
1772,199806,70-79F,5
1773,199806,80-89F,4
1774,199806,90-99F,0
1775,199806,>100F,0
1776,199807,30-39F,0
1777,199807,40-49F,0
1778,199807,50-59F,0
1779,199807,60-69F,5
1780,199807,70-79F,14
1781,199807,80-89F,8
1782,199807,90-99F,4
1783,199807,>100F,0
1784,199808,30-39F,0
1785,199808,40-49F,0
1786,199808,50-59F,0
1787,199808,60-69F,4
1788,199808,70-79F,8
1789,199808,80-89F,11
1790,199808,90-99F,6
1791,199808,>100F,2
1792,199809,30-39F,0
1793,199809,40-49F,0
1794,199809,50-59F,0
1795,199809,60-69F,8
1796,199809,70-79F,10
1797,199809,80-89F,9
1798,199809,90-99F,3
1799,199809,>100F,0
1800,199810,30-39F,0
1801,199810,40-49F,0
1802,199810,50-59F,0
1803,199810,60-69F,17
1804,199810,70-79F,11
1805,199810,80-89F,3
1806,199810,90-99F,0
1807,199810,>100F,0
1808,199811,30-39F,0
1809,199811,40-49F,0
1810,199811,50-59F,12
1811,199811,60-69F,18
1812,199811,70-79F,0
1813,199811,80-89F,0
1814,199811,90-99F,0
1815,199811,>100F,0
1816,199812,30-39F,0
1817,199812,40-49F,8
1818,199812,50-59F,19
1819,199812,60-69F,4
1820,199812,70-79F,0
1821,199812,80-89F,0
1822,199812,90-99F,0
1823,199812,>100F,0
1824,199901,30-39F,0
1825,199901,40-49F,1
1826,199901,50-59F,28
1827,199901,60-69F,2
1828,199901,70-79F,0
1829,199901,80-89F,0
1830,199901,90-99F,0
1831,199901,>100F,0
1832,199902,30-39F,0
1833,199902,40-49F,0
1834,199902,50-59F,23
1835,199902,60-69F,5
1836,199902,70-79F,0
1837,199902,80-89F,0
1838,199902,90-99F,0
1839,199902,>100F,0
1840,199903,30-39F,0
1841,199903,40-49F,1
1842,199903,50-59F,25
1843,199903,60-69F,5
1844,199903,70-79F,0
1845,199903,80-89F,0
1846,199903,90-99F,0
1847,199903,>100F,0
1848,199904,30-39F,0
1849,199904,40-49F,2
1850,199904,50-59F,9
1851,199904,60-69F,11
1852,199904,70-79F,6
1853,199904,80-89F,2
1854,199904,90-99F,0
1855,199904,>100F,0
1856,199905,30-39F,0
1857,199905,40-49F,0
1858,199905,50-59F,4
1859,199905,60-69F,22
1860,199905,70-79F,5
1861,199905,80-89F,0
1862,199905,90-99F,0
1863,199905,>100F,0
1864,199906,30-39F,0
1865,199906,40-49F,0
1866,199906,50-59F,1
1867,199906,60-69F,11
1868,199906,70-79F,13
1869,199906,80-89F,2
1870,199906,90-99F,3
1871,199906,>100F,0
1872,199907,30-39F,0
1873,199907,40-49F,0
1874,199907,50-59F,0
1875,199907,60-69F,10
1876,199907,70-79F,12
1877,199907,80-89F,7
1878,199907,90-99F,2
1879,199907,>100F,0
1880,199908,30-39F,0
1881,199908,40-49F,0
1882,199908,50-59F,0
1883,199908,60-69F,8
1884,199908,70-79F,12
1885,199908,80-89F,8
1886,199908,90-99F,3
1887,199908,>100F,0
1888,199909,30-39F,0
1889,199909,40-49F,0
1890,199909,50-59F,0
1891,199909,60-69F,2
1892,199909,70-79F,18
1893,199909,80-89F,7
1894,199909,90-99F,3
1895,199909,>100F,0
1896,199910,30-39F,0
1897,199910,40-49F,0
1898,199910,50-59F,0
1899,199910,60-69F,8
1900,199910,70-79F,11
1901,199910,80-89F,12
1902,199910,90-99F,0
1903,199910,>100F,0
1904,199911,30-39F,0
1905,199911,40-49F,0
1906,199911,50-59F,12
1907,199911,60-69F,11
1908,199911,70-79F,7
1909,199911,80-89F,0
1910,199911,90-99F,0
1911,199911,>100F,0
1912,199912,30-39F,0
1913,199912,40-49F,0
1914,199912,50-59F,18
1915,199912,60-69F,13
1916,199912,70-79F,0
1917,199912,80-89F,0
1918,199912,90-99F,0
1919,199912,>100F,0
1920,200001,30-39F,0
1921,200001,40-49F,0
1922,200001,50-59F,27
1923,200001,60-69F,4
1924,200001,70-79F,0
1925,200001,80-89F,0
1926,200001,90-99F,0
1927,200001,>100F,0
1928,200002,30-39F,0
1929,200002,40-49F,1
1930,200002,50-59F,18
1931,200002,60-69F,10
1932,200002,70-79F,0
1933,200002,80-89F,0
1934,200002,90-99F,0
1935,200002,>100F,0
1936,200003,30-39F,0
1937,200003,40-49F,0
1938,200003,50-59F,11
1939,200003,60-69F,14
1940,200003,70-79F,6
1941,200003,80-89F,0
1942,200003,90-99F,0
1943,200003,>100F,0
1944,200004,30-39F,0
1945,200004,40-49F,0
1946,200004,50-59F,1
1947,200004,60-69F,21
1948,200004,70-79F,6
1949,200004,80-89F,2
1950,200004,90-99F,0
1951,200004,>100F,0
1952,200005,30-39F,0
1953,200005,40-49F,0
1954,200005,50-59F,2
1955,200005,60-69F,16
1956,200005,70-79F,8
1957,200005,80-89F,3
1958,200005,90-99F,2
1959,200005,>100F,0
1960,200006,30-39F,0
1961,200006,40-49F,0
1962,200006,50-59F,0
1963,200006,60-69F,6
1964,200006,70-79F,15
1965,200006,80-89F,6
1966,200006,90-99F,2
1967,200006,>100F,1
1968,200007,30-39F,0
1969,200007,40-49F,0
1970,200007,50-59F,0
1971,200007,60-69F,8
1972,200007,70-79F,17
1973,200007,80-89F,5
1974,200007,90-99F,1
1975,200007,>100F,0
1976,200008,30-39F,0
1977,200008,40-49F,0
1978,200008,50-59F,0
1979,200008,60-69F,4
1980,200008,70-79F,14
1981,200008,80-89F,11
1982,200008,90-99F,2
1983,200008,>100F,0
1984,200009,30-39F,0
1985,200009,40-49F,0
1986,200009,50-59F,0
1987,200009,60-69F,6
1988,200009,70-79F,12
1989,200009,80-89F,8
1990,200009,90-99F,4
1991,200009,>100F,0
1992,200010,30-39F,0
1993,200010,40-49F,0
1994,200010,50-59F,6
1995,200010,60-69F,8
1996,200010,70-79F,16
1997,200010,80-89F,1
1998,200010,90-99F,0
1999,200010,>100F,0
2000,200011,30-39F,0
2001,200011,40-49F,0
2002,200011,50-59F,18
2003,200011,60-69F,10
2004,200011,70-79F,2
2005,200011,80-89F,0
2006,200011,90-99F,0
2007,200011,>100F,0
2008,200012,30-39F,0
2009,200012,40-49F,0
2010,200012,50-59F,21
2011,200012,60-69F,10
2012,200012,70-79F,0
2013,200012,80-89F,0
2014,200012,90-99F,0
2015,200012,>100F,0
2016,200101,30-39F,0
2017,200101,40-49F,2
2018,200101,50-59F,22
2019,200101,60-69F,7
2020,200101,70-79F,0
2021,200101,80-89F,0
2022,200101,90-99F,0
2023,200101,>100F,0
2024,200102,30-39F,0
2025,200102,40-49F,4
2026,200102,50-59F,18
2027,200102,60-69F,6
2028,200102,70-79F,0
2029,200102,80-89F,0
2030,200102,90-99F,0
2031,200102,>100F,0
2032,200103,30-39F,0
2033,200103,40-49F,0
2034,200103,50-59F,8
2035,200103,60-69F,18
2036,200103,70-79F,5
2037,200103,80-89F,0
2038,200103,90-99F,0
2039,200103,>100F,0
2040,200104,30-39F,0
2041,200104,40-49F,0
2042,200104,50-59F,12
2043,200104,60-69F,13
2044,200104,70-79F,5
2045,200104,80-89F,0
2046,200104,90-99F,0
2047,200104,>100F,0
2048,200105,30-39F,0
2049,200105,40-49F,0
2050,200105,50-59F,0
2051,200105,60-69F,6
2052,200105,70-79F,14
2053,200105,80-89F,8
2054,200105,90-99F,3
2055,200105,>100F,0
2056,200106,30-39F,0
2057,200106,40-49F,0
2058,200106,50-59F,0
2059,200106,60-69F,5
2060,200106,70-79F,12
2061,200106,80-89F,11
2062,200106,90-99F,2
2063,200106,>100F,0
2064,200107,30-39F,0
2065,200107,40-49F,0
2066,200107,50-59F,0
2067,200107,60-69F,8
2068,200107,70-79F,18
2069,200107,80-89F,3
2070,200107,90-99F,2
2071,200107,>100F,0
2072,200108,30-39F,0
2073,200108,40-49F,0
2074,200108,50-59F,0
2075,200108,60-69F,2
2076,200108,70-79F,19
2077,200108,80-89F,10
2078,200108,90-99F,0
2079,200108,>100F,0
2080,200109,30-39F,0
2081,200109,40-49F,0
2082,200109,50-59F,0
2083,200109,60-69F,3
2084,200109,70-79F,19
2085,200109,80-89F,7
2086,200109,90-99F,1
2087,200109,>100F,0
2088,200110,30-39F,0
2089,200110,40-49F,0
2090,200110,50-59F,1
2091,200110,60-69F,11
2092,200110,70-79F,11
2093,200110,80-89F,7
2094,200110,90-99F,1
2095,200110,>100F,0
2096,200111,30-39F,0
2097,200111,40-49F,0
2098,200111,50-59F,9
2099,200111,60-69F,16
2100,200111,70-79F,5
2101,200111,80-89F,0
2102,200111,90-99F,0
2103,200111,>100F,0
2104,200112,30-39F,0
2105,200112,40-49F,0
2106,200112,50-59F,29
2107,200112,60-69F,2
2108,200112,70-79F,0
2109,200112,80-89F,0
2110,200112,90-99F,0
2111,200112,>100F,0
2112,200201,30-39F,0
2113,200201,40-49F,2
2114,200201,50-59F,26
2115,200201,60-69F,3
2116,200201,70-79F,0
2117,200201,80-89F,0
2118,200201,90-99F,0
2119,200201,>100F,0
2120,200202,30-39F,0
2121,200202,40-49F,0
2122,200202,50-59F,16
2123,200202,60-69F,9
2124,200202,70-79F,3
2125,200202,80-89F,0
2126,200202,90-99F,0
2127,200202,>100F,0
2128,200203,30-39F,0
2129,200203,40-49F,0
2130,200203,50-59F,16
2131,200203,60-69F,10
2132,200203,70-79F,5
2133,200203,80-89F,0
2134,200203,90-99F,0
2135,200203,>100F,0
2136,200204,30-39F,0
2137,200204,40-49F,0
2138,200204,50-59F,10
2139,200204,60-69F,13
2140,200204,70-79F,7
2141,200204,80-89F,0
2142,200204,90-99F,0
2143,200204,>100F,0
2144,200205,30-39F,0
2145,200205,40-49F,0
2146,200205,50-59F,3
2147,200205,60-69F,14
2148,200205,70-79F,11
2149,200205,80-89F,3
2150,200205,90-99F,0
2151,200205,>100F,0
2152,200206,30-39F,0
2153,200206,40-49F,0
2154,200206,50-59F,0
2155,200206,60-69F,7
2156,200206,70-79F,16
2157,200206,80-89F,6
2158,200206,90-99F,1
2159,200206,>100F,0
2160,200207,30-39F,0
2161,200207,40-49F,0
2162,200207,50-59F,0
2163,200207,60-69F,1
2164,200207,70-79F,20
2165,200207,80-89F,8
2166,200207,90-99F,2
2167,200207,>100F,0
2168,200208,30-39F,0
2169,200208,40-49F,0
2170,200208,50-59F,0
2171,200208,60-69F,5
2172,200208,70-79F,13
2173,200208,80-89F,9
2174,200208,90-99F,4
2175,200208,>100F,0
2176,200209,30-39F,0
2177,200209,40-49F,0
2178,200209,50-59F,0
2179,200209,60-69F,4
2180,200209,70-79F,12
2181,200209,80-89F,8
2182,200209,90-99F,6
2183,200209,>100F,0
2184,200210,30-39F,0
2185,200210,40-49F,0
2186,200210,50-59F,2
2187,200210,60-69F,10
2188,200210,70-79F,12
2189,200210,80-89F,7
2190,200210,90-99F,0
2191,200210,>100F,0
2192,200211,30-39F,0
2193,200211,40-49F,0
2194,200211,50-59F,3
2195,200211,60-69F,24
2196,200211,70-79F,3
2197,200211,80-89F,0
2198,200211,90-99F,0
2199,200211,>100F,0
2200,200212,30-39F,0
2201,200212,40-49F,0
2202,200212,50-59F,23
2203,200212,60-69F,8
2204,200212,70-79F,0
2205,200212,80-89F,0
2206,200212,90-99F,0
2207,200212,>100F,0
2208,200301,30-39F,0
2209,200301,40-49F,0
2210,200301,50-59F,10
2211,200301,60-69F,21
2212,200301,70-79F,0
2213,200301,80-89F,0
2214,200301,90-99F,0
2215,200301,>100F,0
2216,200302,30-39F,0
2217,200302,40-49F,0
2218,200302,50-59F,15
2219,200302,60-69F,13
2220,200302,70-79F,0
2221,200302,80-89F,0
2222,200302,90-99F,0
2223,200302,>100F,0
2224,200303,30-39F,0
2225,200303,40-49F,0
2226,200303,50-59F,3
2227,200303,60-69F,25
2228,200303,70-79F,3
2229,200303,80-89F,0
2230,200303,90-99F,0
2231,200303,>100F,0
2232,200304,30-39F,0
2233,200304,40-49F,0
2234,200304,50-59F,17
2235,200304,60-69F,11
2236,200304,70-79F,2
2237,200304,80-89F,0
2238,200304,90-99F,0
2239,200304,>100F,0
2240,200305,30-39F,0
2241,200305,40-49F,0
2242,200305,50-59F,3
2243,200305,60-69F,14
2244,200305,70-79F,9
2245,200305,80-89F,4
2246,200305,90-99F,1
2247,200305,>100F,0
2248,200306,30-39F,0
2249,200306,40-49F,0
2250,200306,50-59F,1
2251,200306,60-69F,10
2252,200306,70-79F,11
2253,200306,80-89F,4
2254,200306,90-99F,4
2255,200306,>100F,0
2256,200307,30-39F,0
2257,200307,40-49F,0
2258,200307,50-59F,0
2259,200307,60-69F,2
2260,200307,70-79F,9
2261,200307,80-89F,17
2262,200307,90-99F,3
2263,200307,>100F,0
2264,200308,30-39F,0
2265,200308,40-49F,0
2266,200308,50-59F,0
2267,200308,60-69F,1
2268,200308,70-79F,21
2269,200308,80-89F,7
2270,200308,90-99F,2
2271,200308,>100F,0
2272,200309,30-39F,0
2273,200309,40-49F,0
2274,200309,50-59F,0
2275,200309,60-69F,3
2276,200309,70-79F,15
2277,200309,80-89F,7
2278,200309,90-99F,5
2279,200309,>100F,0
2280,200310,30-39F,0
2281,200310,40-49F,0
2282,200310,50-59F,1
2283,200310,60-69F,4
2284,200310,70-79F,14
2285,200310,80-89F,12
2286,200310,90-99F,0
2287,200310,>100F,0
2288,200311,30-39F,0
2289,200311,40-49F,0
2290,200311,50-59F,18
2291,200311,60-69F,12
2292,200311,70-79F,0
2293,200311,80-89F,0
2294,200311,90-99F,0
2295,200311,>100F,0
2296,200312,30-39F,0
2297,200312,40-49F,1
2298,200312,50-59F,27
2299,200312,60-69F,3
2300,200312,70-79F,0
2301,200312,80-89F,0
2302,200312,90-99F,0
2303,200312,>100F,0
2304,200401,30-39F,0
2305,200401,40-49F,3
2306,200401,50-59F,25
2307,200401,60-69F,3
2308,200401,70-79F,0
2309,200401,80-89F,0
2310,200401,90-99F,0
2311,200401,>100F,0
2312,200402,30-39F,0
2313,200402,40-49F,0
2314,200402,50-59F,22
2315,200402,60-69F,7
2316,200402,70-79F,0
2317,200402,80-89F,0
2318,200402,90-99F,0
2319,200402,>100F,0
2320,200403,30-39F,0
2321,200403,40-49F,0
2322,200403,50-59F,3
2323,200403,60-69F,11
2324,200403,70-79F,12
2325,200403,80-89F,5
2326,200403,90-99F,0
2327,200403,>100F,0
2328,200404,30-39F,0
2329,200404,40-49F,0
2330,200404,50-59F,6
2331,200404,60-69F,10
2332,200404,70-79F,10
2333,200404,80-89F,2
2334,200404,90-99F,2
2335,200404,>100F,0
2336,200405,30-39F,0
2337,200405,40-49F,0
2338,200405,50-59F,0
2339,200405,60-69F,17
2340,200405,70-79F,9
2341,200405,80-89F,5
2342,200405,90-99F,0
2343,200405,>100F,0
2344,200406,30-39F,0
2345,200406,40-49F,0
2346,200406,50-59F,0
2347,200406,60-69F,8
2348,200406,70-79F,17
2349,200406,80-89F,4
2350,200406,90-99F,1
2351,200406,>100F,0
2352,200407,30-39F,0
2353,200407,40-49F,0
2354,200407,50-59F,0
2355,200407,60-69F,1
2356,200407,70-79F,19
2357,200407,80-89F,11
2358,200407,90-99F,0
2359,200407,>100F,0
2360,200408,30-39F,0
2361,200408,40-49F,0
2362,200408,50-59F,0
2363,200408,60-69F,2
2364,200408,70-79F,15
2365,200408,80-89F,13
2366,200408,90-99F,1
2367,200408,>100F,0
2368,200409,30-39F,0
2369,200409,40-49F,0
2370,200409,50-59F,0
2371,200409,60-69F,7
2372,200409,70-79F,5
2373,200409,80-89F,13
2374,200409,90-99F,5
2375,200409,>100F,0
2376,200410,30-39F,0
2377,200410,40-49F,0
2378,200410,50-59F,4
2379,200410,60-69F,15
2380,200410,70-79F,8
2381,200410,80-89F,4
2382,200410,90-99F,0
2383,200410,>100F,0
2384,200411,30-39F,0
2385,200411,40-49F,0
2386,200411,50-59F,12
2387,200411,60-69F,18
2388,200411,70-79F,0
2389,200411,80-89F,0
2390,200411,90-99F,0
2391,200411,>100F,0
2392,200412,30-39F,0
2393,200412,40-49F,0
2394,200412,50-59F,23
2395,200412,60-69F,8
2396,200412,70-79F,0
2397,200412,80-89F,0
2398,200412,90-99F,0
2399,200412,>100F,0
2400,200501,30-39F,0
2401,200501,40-49F,4
2402,200501,50-59F,24
2403,200501,60-69F,3
2404,200501,70-79F,0
2405,200501,80-89F,0
2406,200501,90-99F,0
2407,200501,>100F,0
2408,200502,30-39F,0
2409,200502,40-49F,0
2410,200502,50-59F,16
2411,200502,60-69F,12
2412,200502,70-79F,0
2413,200502,80-89F,0
2414,200502,90-99F,0
2415,200502,>100F,0
2416,200503,30-39F,0
2417,200503,40-49F,0
2418,200503,50-59F,8
2419,200503,60-69F,16
2420,200503,70-79F,6
2421,200503,80-89F,1
2422,200503,90-99F,0
2423,200503,>100F,0
2424,200504,30-39F,0
2425,200504,40-49F,0
2426,200504,50-59F,3
2427,200504,60-69F,22
2428,200504,70-79F,5
2429,200504,80-89F,0
2430,200504,90-99F,0
2431,200504,>100F,0
2432,200505,30-39F,0
2433,200505,40-49F,0
2434,200505,50-59F,1
2435,200505,60-69F,18
2436,200505,70-79F,10
2437,200505,80-89F,2
2438,200505,90-99F,0
2439,200505,>100F,0
2440,200506,30-39F,0
2441,200506,40-49F,0
2442,200506,50-59F,0
2443,200506,60-69F,11
2444,200506,70-79F,16
2445,200506,80-89F,3
2446,200506,90-99F,0
2447,200506,>100F,0
2448,200507,30-39F,0
2449,200507,40-49F,0
2450,200507,50-59F,0
2451,200507,60-69F,0
2452,200507,70-79F,13
2453,200507,80-89F,17
2454,200507,90-99F,1
2455,200507,>100F,0
2456,200508,30-39F,0
2457,200508,40-49F,0
2458,200508,50-59F,0
2459,200508,60-69F,2
2460,200508,70-79F,11
2461,200508,80-89F,17
2462,200508,90-99F,1
2463,200508,>100F,0
2464,200509,30-39F,0
2465,200509,40-49F,0
2466,200509,50-59F,0
2467,200509,60-69F,11
2468,200509,70-79F,14
2469,200509,80-89F,5
2470,200509,90-99F,0
2471,200509,>100F,0
2472,200510,30-39F,0
2473,200510,40-49F,0
2474,200510,50-59F,1
2475,200510,60-69F,9
2476,200510,70-79F,17
2477,200510,80-89F,4
2478,200510,90-99F,0
2479,200510,>100F,0
2480,200511,30-39F,0
2481,200511,40-49F,0
2482,200511,50-59F,6
2483,200511,60-69F,14
2484,200511,70-79F,10
2485,200511,80-89F,0
2486,200511,90-99F,0
2487,200511,>100F,0
2488,200512,30-39F,0
2489,200512,40-49F,1
2490,200512,50-59F,21
2491,200512,60-69F,9
2492,200512,70-79F,0
2493,200512,80-89F,0
2494,200512,90-99F,0
2495,200512,>100F,0
2496,200601,30-39F,0
2497,200601,40-49F,0
2498,200601,50-59F,25
2499,200601,60-69F,6
2500,200601,70-79F,0
2501,200601,80-89F,0
2502,200601,90-99F,0
2503,200601,>100F,0
2504,200602,30-39F,0
2505,200602,40-49F,3
2506,200602,50-59F,9
2507,200602,60-69F,12
2508,200602,70-79F,4
2509,200602,80-89F,0
2510,200602,90-99F,0
2511,200602,>100F,0
2512,200603,30-39F,0
2513,200603,40-49F,3
2514,200603,50-59F,23
2515,200603,60-69F,5
2516,200603,70-79F,0
2517,200603,80-89F,0
2518,200603,90-99F,0
2519,200603,>100F,0
2520,200604,30-39F,0
2521,200604,40-49F,0
2522,200604,50-59F,17
2523,200604,60-69F,9
2524,200604,70-79F,4
2525,200604,80-89F,0
2526,200604,90-99F,0
2527,200604,>100F,0
2528,200605,30-39F,0
2529,200605,40-49F,0
2530,200605,50-59F,0
2531,200605,60-69F,12
2532,200605,70-79F,15
2533,200605,80-89F,4
2534,200605,90-99F,0
2535,200605,>100F,0
2536,200606,30-39F,0
2537,200606,40-49F,0
2538,200606,50-59F,0
2539,200606,60-69F,5
2540,200606,70-79F,13
2541,200606,80-89F,9
2542,200606,90-99F,3
2543,200606,>100F,0
2544,200607,30-39F,0
2545,200607,40-49F,0
2546,200607,50-59F,0
2547,200607,60-69F,0
2548,200607,70-79F,13
2549,200607,80-89F,9
2550,200607,90-99F,7
2551,200607,>100F,2
2552,200608,30-39F,0
2553,200608,40-49F,0
2554,200608,50-59F,0
2555,200608,60-69F,0
2556,200608,70-79F,22
2557,200608,80-89F,8
2558,200608,90-99F,1
2559,200608,>100F,0
2560,200609,30-39F,0
2561,200609,40-49F,0
2562,200609,50-59F,0
2563,200609,60-69F,6
2564,200609,70-79F,9
2565,200609,80-89F,14
2566,200609,90-99F,1
2567,200609,>100F,0
2568,200610,30-39F,0
2569,200610,40-49F,0
2570,200610,50-59F,1
2571,200610,60-69F,13
2572,200610,70-79F,14
2573,200610,80-89F,3
2574,200610,90-99F,0
2575,200610,>100F,0
2576,200611,30-39F,0
2577,200611,40-49F,0
2578,200611,50-59F,10
2579,200611,60-69F,17
2580,200611,70-79F,3
2581,200611,80-89F,0
2582,200611,90-99F,0
2583,200611,>100F,0
2584,200612,30-39F,0
2585,200612,40-49F,1
2586,200612,50-59F,21
2587,200612,60-69F,9
2588,200612,70-79F,0
2589,200612,80-89F,0
2590,200612,90-99F,0
2591,200612,>100F,0
2592,200701,30-39F,0
2593,200701,40-49F,3
2594,200701,50-59F,17
2595,200701,60-69F,11
2596,200701,70-79F,0
2597,200701,80-89F,0
2598,200701,90-99F,0
2599,200701,>100F,0
2600,200702,30-39F,0
2601,200702,40-49F,2
2602,200702,50-59F,17
2603,200702,60-69F,7
2604,200702,70-79F,2
2605,200702,80-89F,0
2606,200702,90-99F,0
2607,200702,>100F,0
2608,200703,30-39F,0
2609,200703,40-49F,0
2610,200703,50-59F,5
2611,200703,60-69F,15
2612,200703,70-79F,10
2613,200703,80-89F,1
2614,200703,90-99F,0
2615,200703,>100F,0
2616,200704,30-39F,0
2617,200704,40-49F,0
2618,200704,50-59F,5
2619,200704,60-69F,16
2620,200704,70-79F,7
2621,200704,80-89F,2
2622,200704,90-99F,0
2623,200704,>100F,0
2624,200705,30-39F,0
2625,200705,40-49F,0
2626,200705,50-59F,0
2627,200705,60-69F,15
2628,200705,70-79F,11
2629,200705,80-89F,5
2630,200705,90-99F,0
2631,200705,>100F,0
2632,200706,30-39F,0
2633,200706,40-49F,0
2634,200706,50-59F,0
2635,200706,60-69F,4
2636,200706,70-79F,19
2637,200706,80-89F,5
2638,200706,90-99F,2
2639,200706,>100F,0
2640,200707,30-39F,0
2641,200707,40-49F,0
2642,200707,50-59F,0
2643,200707,60-69F,1
2644,200707,70-79F,23
2645,200707,80-89F,5
2646,200707,90-99F,2
2647,200707,>100F,0
2648,200708,30-39F,0
2649,200708,40-49F,0
2650,200708,50-59F,0
2651,200708,60-69F,3
2652,200708,70-79F,17
2653,200708,80-89F,9
2654,200708,90-99F,2
2655,200708,>100F,0
2656,200709,30-39F,0
2657,200709,40-49F,0
2658,200709,50-59F,0
2659,200709,60-69F,7
2660,200709,70-79F,15
2661,200709,80-89F,7
2662,200709,90-99F,1
2663,200709,>100F,0
2664,200710,30-39F,0
2665,200710,40-49F,0
2666,200710,50-59F,2
2667,200710,60-69F,18
2668,200710,70-79F,9
2669,200710,80-89F,2
2670,200710,90-99F,0
2671,200710,>100F,0
2672,200711,30-39F,0
2673,200711,40-49F,0
2674,200711,50-59F,3
2675,200711,60-69F,20
2676,200711,70-79F,7
2677,200711,80-89F,0
2678,200711,90-99F,0
2679,200711,>100F,0
2680,200712,30-39F,0
2681,200712,40-49F,6
2682,200712,50-59F,22
2683,200712,60-69F,3
2684,200712,70-79F,0
2685,200712,80-89F,0
2686,200712,90-99F,0
2687,200712,>100F,0
2688,200801,30-39F,0
2689,200801,40-49F,2
2690,200801,50-59F,18
2691,200801,60-69F,11
2692,200801,70-79F,0
2693,200801,80-89F,0
2694,200801,90-99F,0
2695,200801,>100F,0
2696,200802,30-39F,0
2697,200802,40-49F,0
2698,200802,50-59F,8
2699,200802,60-69F,15
2700,200802,70-79F,6
2701,200802,80-89F,0
2702,200802,90-99F,0
2703,200802,>100F,0
2704,200803,30-39F,0
2705,200803,40-49F,0
2706,200803,50-59F,3
2707,200803,60-69F,9
2708,200803,70-79F,18
2709,200803,80-89F,1
2710,200803,90-99F,0
2711,200803,>100F,0
2712,200804,30-39F,0
2713,200804,40-49F,0
2714,200804,50-59F,7
2715,200804,60-69F,10
2716,200804,70-79F,10
2717,200804,80-89F,3
2718,200804,90-99F,0
2719,200804,>100F,0
2720,200805,30-39F,0
2721,200805,40-49F,0
2722,200805,50-59F,0
2723,200805,60-69F,2
2724,200805,70-79F,21
2725,200805,80-89F,5
2726,200805,90-99F,3
2727,200805,>100F,0
2728,200806,30-39F,0
2729,200806,40-49F,0
2730,200806,50-59F,0
2731,200806,60-69F,2
2732,200806,70-79F,17
2733,200806,80-89F,8
2734,200806,90-99F,3
2735,200806,>100F,0
2736,200807,30-39F,0
2737,200807,40-49F,0
2738,200807,50-59F,0
2739,200807,60-69F,2
2740,200807,70-79F,20
2741,200807,80-89F,6
2742,200807,90-99F,3
2743,200807,>100F,0
2744,200808,30-39F,0
2745,200808,40-49F,0
2746,200808,50-59F,0
2747,200808,60-69F,1
2748,200808,70-79F,16
2749,200808,80-89F,10
2750,200808,90-99F,4
2751,200808,>100F,0
2752,200809,30-39F,0
2753,200809,40-49F,0
2754,200809,50-59F,0
2755,200809,60-69F,4
2756,200809,70-79F,12
2757,200809,80-89F,5
2758,200809,90-99F,9
2759,200809,>100F,0
2760,200810,30-39F,0
2761,200810,40-49F,0
2762,200810,50-59F,0
2763,200810,60-69F,4
2764,200810,70-79F,9
2765,200810,80-89F,15
2766,200810,90-99F,3
2767,200810,>100F,0
2768,200811,30-39F,0
2769,200811,40-49F,0
2770,200811,50-59F,4
2771,200811,60-69F,10
2772,200811,70-79F,13
2773,200811,80-89F,3
2774,200811,90-99F,0
2775,200811,>100F,0
2776,200812,30-39F,0
2777,200812,40-49F,5
2778,200812,50-59F,20
2779,200812,60-69F,6
2780,200812,70-79F,0
2781,200812,80-89F,0
2782,200812,90-99F,0
2783,200812,>100F,0
2784,200901,30-39F,0
2785,200901,40-49F,2
2786,200901,50-59F,14
2787,200901,60-69F,11
2788,200901,70-79F,4
2789,200901,80-89F,0
2790,200901,90-99F,0
2791,200901,>100F,0
2792,200902,30-39F,0
2793,200902,40-49F,0
2794,200902,50-59F,19
2795,200902,60-69F,9
2796,200902,70-79F,0
2797,200902,80-89F,0
2798,200902,90-99F,0
2799,200902,>100F,0
2800,200903,30-39F,0
2801,200903,40-49F,0
2802,200903,50-59F,16
2803,200903,60-69F,12
2804,200903,70-79F,3
2805,200903,80-89F,0
2806,200903,90-99F,0
2807,200903,>100F,0
2808,200904,30-39F,0
2809,200904,40-49F,0
2810,200904,50-59F,10
2811,200904,60-69F,12
2812,200904,70-79F,4
2813,200904,80-89F,2
2814,200904,90-99F,2
2815,200904,>100F,0
2816,200905,30-39F,0
2817,200905,40-49F,0
2818,200905,50-59F,1
2819,200905,60-69F,12
2820,200905,70-79F,15
2821,200905,80-89F,1
2822,200905,90-99F,2
2823,200905,>100F,0
2824,200906,30-39F,0
2825,200906,40-49F,0
2826,200906,50-59F,0
2827,200906,60-69F,15
2828,200906,70-79F,9
2829,200906,80-89F,4
2830,200906,90-99F,2
2831,200906,>100F,0
2832,200907,30-39F,0
2833,200907,40-49F,0
2834,200907,50-59F,0
2835,200907,60-69F,2
2836,200907,70-79F,20
2837,200907,80-89F,8
2838,200907,90-99F,1
2839,200907,>100F,0
2840,200908,30-39F,0
2841,200908,40-49F,0
2842,200908,50-59F,0
2843,200908,60-69F,0
2844,200908,70-79F,12
2845,200908,80-89F,16
2846,200908,90-99F,3
2847,200908,>100F,0
2848,200909,30-39F,0
2849,200909,40-49F,0
2850,200909,50-59F,0
2851,200909,60-69F,1
2852,200909,70-79F,11
2853,200909,80-89F,11
2854,200909,90-99F,7
2855,200909,>100F,0
2856,200910,30-39F,0
2857,200910,40-49F,0
2858,200910,50-59F,1
2859,200910,60-69F,15
2860,200910,70-79F,14
2861,200910,80-89F,1
2862,200910,90-99F,0
2863,200910,>100F,0
2864,200911,30-39F,0
2865,200911,40-49F,0
2866,200911,50-59F,9
2867,200911,60-69F,18
2868,200911,70-79F,3
2869,200911,80-89F,0
2870,200911,90-99F,0
2871,200911,>100F,0
2872,200912,30-39F,0
2873,200912,40-49F,4
2874,200912,50-59F,24
2875,200912,60-69F,3
2876,200912,70-79F,0
2877,200912,80-89F,0
2878,200912,90-99F,0
2879,200912,>100F,0
