YearMonth,prcp_bins,0
198001,0mm,14
198001,1-4mm,9
198001,5-14mm,5
198001,15-29mm,3
198001,>30mm,0
198002,0mm,15
198002,1-4mm,4
198002,5-14mm,5
198002,15-29mm,4
198002,>30mm,1
198003,0mm,17
198003,1-4mm,10
198003,5-14mm,4
198003,15-29mm,0
198003,>30mm,0
198004,0mm,17
198004,1-4mm,12
198004,5-14mm,0
198004,15-29mm,1
198004,>30mm,0
198005,0mm,26
198005,1-4mm,4
198005,5-14mm,1
198005,15-29mm,0
198005,>30mm,0
198006,0mm,28
198006,1-4mm,2
198006,5-14mm,0
198006,15-29mm,0
198006,>30mm,0
198007,0mm,28
198007,1-4mm,2
198007,5-14mm,1
198007,15-29mm,0
198007,>30mm,0
198008,0mm,31
198008,1-4mm,0
198008,5-14mm,0
198008,15-29mm,0
198008,>30mm,0
198009,0mm,30
198009,1-4mm,0
198009,5-14mm,0
198009,15-29mm,0
198009,>30mm,0
198010,0mm,27
198010,1-4mm,4
198010,5-14mm,0
198010,15-29mm,0
198010,>30mm,0
198011,0mm,23
198011,1-4mm,7
198011,5-14mm,0
198011,15-29mm,0
198011,>30mm,0
198012,0mm,22
198012,1-4mm,5
198012,5-14mm,3
198012,15-29mm,1
198012,>30mm,0
198101,0mm,13
198101,1-4mm,12
198101,5-14mm,3
198101,15-29mm,2
198101,>30mm,1
198102,0mm,14
198102,1-4mm,12
198102,5-14mm,2
198102,15-29mm,0
198102,>30mm,0
198103,0mm,12
198103,1-4mm,10
198103,5-14mm,9
198103,15-29mm,0
198103,>30mm,0
198104,0mm,24
198104,1-4mm,5
198104,5-14mm,1
198104,15-29mm,0
198104,>30mm,0
198105,0mm,28
198105,1-4mm,3
198105,5-14mm,0
198105,15-29mm,0
198105,>30mm,0
198106,0mm,29
198106,1-4mm,1
198106,5-14mm,0
198106,15-29mm,0
198106,>30mm,0
198107,0mm,31
198107,1-4mm,0
198107,5-14mm,0
198107,15-29mm,0
198107,>30mm,0
198108,0mm,31
198108,1-4mm,0
198108,5-14mm,0
198108,15-29mm,0
198108,>30mm,0
198109,0mm,26
198109,1-4mm,4
198109,5-14mm,0
198109,15-29mm,0
198109,>30mm,0
198110,0mm,21
198110,1-4mm,7
198110,5-14mm,2
198110,15-29mm,1
198110,>30mm,0
198111,0mm,11
198111,1-4mm,11
198111,5-14mm,5
198111,15-29mm,2
198111,>30mm,1
198112,0mm,6
198112,1-4mm,21
198112,5-14mm,1
198112,15-29mm,3
198112,>30mm,0
198201,0mm,14
198201,1-4mm,9
198201,5-14mm,6
198201,15-29mm,0
198201,>30mm,2
198202,0mm,18
198202,1-4mm,7
198202,5-14mm,1
198202,15-29mm,1
198202,>30mm,1
198203,0mm,8
198203,1-4mm,11
198203,5-14mm,10
198203,15-29mm,1
198203,>30mm,1
198204,0mm,17
198204,1-4mm,8
198204,5-14mm,3
198204,15-29mm,2
198204,>30mm,0
198205,0mm,31
198205,1-4mm,0
198205,5-14mm,0
198205,15-29mm,0
198205,>30mm,0
198206,0mm,27
198206,1-4mm,3
198206,5-14mm,0
198206,15-29mm,0
198206,>30mm,0
198207,0mm,30
198207,1-4mm,1
198207,5-14mm,0
198207,15-29mm,0
198207,>30mm,0
198208,0mm,27
198208,1-4mm,4
198208,5-14mm,0
198208,15-29mm,0
198208,>30mm,0
198209,0mm,21
198209,1-4mm,7
198209,5-14mm,2
198209,15-29mm,0
198209,>30mm,0
198210,0mm,20
198210,1-4mm,8
198210,5-14mm,1
198210,15-29mm,2
198210,>30mm,0
198211,0mm,12
198211,1-4mm,11
198211,5-14mm,5
198211,15-29mm,1
198211,>30mm,1
198212,0mm,17
198212,1-4mm,11
198212,5-14mm,1
198212,15-29mm,1
198212,>30mm,1
198301,0mm,14
198301,1-4mm,8
198301,5-14mm,5
198301,15-29mm,3
198301,>30mm,1
198302,0mm,6
198302,1-4mm,9
198302,5-14mm,10
198302,15-29mm,3
198302,>30mm,0
198303,0mm,2
198303,1-4mm,12
198303,5-14mm,13
198303,15-29mm,4
198303,>30mm,0
198304,0mm,14
198304,1-4mm,8
198304,5-14mm,7
198304,15-29mm,1
198304,>30mm,0
198305,0mm,27
198305,1-4mm,4
198305,5-14mm,0
198305,15-29mm,0
198305,>30mm,0
198306,0mm,30
198306,1-4mm,0
198306,5-14mm,0
198306,15-29mm,0
198306,>30mm,0
198307,0mm,31
198307,1-4mm,0
198307,5-14mm,0
198307,15-29mm,0
198307,>30mm,0
198308,0mm,28
198308,1-4mm,2
198308,5-14mm,1
198308,15-29mm,0
198308,>30mm,0
198309,0mm,26
198309,1-4mm,3
198309,5-14mm,0
198309,15-29mm,1
198309,>30mm,0
198310,0mm,26
198310,1-4mm,4
198310,5-14mm,1
198310,15-29mm,0
198310,>30mm,0
198311,0mm,10
198311,1-4mm,9
198311,5-14mm,7
198311,15-29mm,4
198311,>30mm,0
198312,0mm,5
198312,1-4mm,16
198312,5-14mm,8
198312,15-29mm,2
198312,>30mm,0
198401,0mm,23
198401,1-4mm,8
198401,5-14mm,0
198401,15-29mm,0
198401,>30mm,0
198402,0mm,15
198402,1-4mm,9
198402,5-14mm,5
198402,15-29mm,0
198402,>30mm,0
198403,0mm,22
198403,1-4mm,6
198403,5-14mm,3
198403,15-29mm,0
198403,>30mm,0
198404,0mm,23
198404,1-4mm,6
198404,5-14mm,1
198404,15-29mm,0
198404,>30mm,0
198405,0mm,29
198405,1-4mm,2
198405,5-14mm,0
198405,15-29mm,0
198405,>30mm,0
198406,0mm,26
198406,1-4mm,4
198406,5-14mm,0
198406,15-29mm,0
198406,>30mm,0
198407,0mm,31
198407,1-4mm,0
198407,5-14mm,0
198407,15-29mm,0
198407,>30mm,0
198408,0mm,29
198408,1-4mm,2
198408,5-14mm,0
198408,15-29mm,0
198408,>30mm,0
198409,0mm,28
198409,1-4mm,2
198409,5-14mm,0
198409,15-29mm,0
198409,>30mm,0
198410,0mm,19
198410,1-4mm,8
198410,5-14mm,3
198410,15-29mm,1
198410,>30mm,0
198411,0mm,4
198411,1-4mm,16
198411,5-14mm,8
198411,15-29mm,2
198411,>30mm,0
198412,0mm,14
198412,1-4mm,14
198412,5-14mm,3
198412,15-29mm,0
198412,>30mm,0
198501,0mm,22
198501,1-4mm,8
198501,5-14mm,1
198501,15-29mm,0
198501,>30mm,0
198502,0mm,21
198502,1-4mm,5
198502,5-14mm,1
198502,15-29mm,1
198502,>30mm,0
198503,0mm,13
198503,1-4mm,12
198503,5-14mm,5
198503,15-29mm,1
198503,>30mm,0
198504,0mm,24
198504,1-4mm,6
198504,5-14mm,0
198504,15-29mm,0
198504,>30mm,0
198505,0mm,23
198505,1-4mm,8
198505,5-14mm,0
198505,15-29mm,0
198505,>30mm,0
198506,0mm,26
198506,1-4mm,3
198506,5-14mm,1
198506,15-29mm,0
198506,>30mm,0
198507,0mm,28
198507,1-4mm,3
198507,5-14mm,0
198507,15-29mm,0
198507,>30mm,0
198508,0mm,27
198508,1-4mm,4
198508,5-14mm,0
198508,15-29mm,0
198508,>30mm,0
198509,0mm,23
198509,1-4mm,7
198509,5-14mm,0
198509,15-29mm,0
198509,>30mm,0
198510,0mm,26
198510,1-4mm,3
198510,5-14mm,2
198510,15-29mm,0
198510,>30mm,0
198511,0mm,14
198511,1-4mm,11
198511,5-14mm,3
198511,15-29mm,1
198511,>30mm,1
198512,0mm,19
198512,1-4mm,8
198512,5-14mm,3
198512,15-29mm,1
198512,>30mm,0
198601,0mm,12
198601,1-4mm,11
198601,5-14mm,7
198601,15-29mm,1
198601,>30mm,0
198602,0mm,9
198602,1-4mm,8
198602,5-14mm,5
198602,15-29mm,3
198602,>30mm,3
198603,0mm,19
198603,1-4mm,3
198603,5-14mm,6
198603,15-29mm,2
198603,>30mm,1
198604,0mm,21
198604,1-4mm,9
198604,5-14mm,0
198604,15-29mm,0
198604,>30mm,0
198605,0mm,25
198605,1-4mm,6
198605,5-14mm,0
198605,15-29mm,0
198605,>30mm,0
198606,0mm,30
198606,1-4mm,0
198606,5-14mm,0
198606,15-29mm,0
198606,>30mm,0
198607,0mm,28
198607,1-4mm,3
198607,5-14mm,0
198607,15-29mm,0
198607,>30mm,0
198608,0mm,31
198608,1-4mm,0
198608,5-14mm,0
198608,15-29mm,0
198608,>30mm,0
198609,0mm,20
198609,1-4mm,9
198609,5-14mm,1
198609,15-29mm,0
198609,>30mm,0
198610,0mm,24
198610,1-4mm,7
198610,5-14mm,0
198610,15-29mm,0
198610,>30mm,0
198611,0mm,24
198611,1-4mm,6
198611,5-14mm,0
198611,15-29mm,0
198611,>30mm,0
198612,0mm,13
198612,1-4mm,17
198612,5-14mm,1
198612,15-29mm,0
198612,>30mm,0
198701,0mm,13
198701,1-4mm,11
198701,5-14mm,6
198701,15-29mm,1
198701,>30mm,0
198702,0mm,12
198702,1-4mm,12
198702,5-14mm,2
198702,15-29mm,1
198702,>30mm,1
198703,0mm,13
198703,1-4mm,14
198703,5-14mm,3
198703,15-29mm,1
198703,>30mm,0
198704,0mm,26
198704,1-4mm,4
198704,5-14mm,0
198704,15-29mm,0
198704,>30mm,0
198705,0mm,28
198705,1-4mm,3
198705,5-14mm,0
198705,15-29mm,0
198705,>30mm,0
198706,0mm,30
198706,1-4mm,0
198706,5-14mm,0
198706,15-29mm,0
198706,>30mm,0
198707,0mm,31
198707,1-4mm,0
198707,5-14mm,0
198707,15-29mm,0
198707,>30mm,0
198708,0mm,31
198708,1-4mm,0
198708,5-14mm,0
198708,15-29mm,0
198708,>30mm,0
198709,0mm,30
198709,1-4mm,0
198709,5-14mm,0
198709,15-29mm,0
198709,>30mm,0
198710,0mm,25
198710,1-4mm,4
198710,5-14mm,2
198710,15-29mm,0
198710,>30mm,0
198711,0mm,14
198711,1-4mm,12
198711,5-14mm,4
198711,15-29mm,0
198711,>30mm,0
198712,0mm,9
198712,1-4mm,15
198712,5-14mm,6
198712,15-29mm,1
198712,>30mm,0
198801,0mm,12
198801,1-4mm,13
198801,5-14mm,5
198801,15-29mm,1
198801,>30mm,0
198802,0mm,25
198802,1-4mm,3
198802,5-14mm,1
198802,15-29mm,0
198802,>30mm,0
198803,0mm,27
198803,1-4mm,3
198803,5-14mm,1
198803,15-29mm,0
198803,>30mm,0
198804,0mm,18
198804,1-4mm,9
198804,5-14mm,2
198804,15-29mm,1
198804,>30mm,0
198805,0mm,21
198805,1-4mm,9
198805,5-14mm,1
198805,15-29mm,0
198805,>30mm,0
198806,0mm,27
198806,1-4mm,2
198806,5-14mm,1
198806,15-29mm,0
198806,>30mm,0
198807,0mm,31
198807,1-4mm,0
198807,5-14mm,0
198807,15-29mm,0
198807,>30mm,0
198808,0mm,30
198808,1-4mm,1
198808,5-14mm,0
198808,15-29mm,0
198808,>30mm,0
198809,0mm,29
198809,1-4mm,1
198809,5-14mm,0
198809,15-29mm,0
198809,>30mm,0
198810,0mm,29
198810,1-4mm,1
198810,5-14mm,1
198810,15-29mm,0
198810,>30mm,0
198811,0mm,9
198811,1-4mm,18
198811,5-14mm,2
198811,15-29mm,1
198811,>30mm,0
198812,0mm,16
198812,1-4mm,9
198812,5-14mm,5
198812,15-29mm,1
198812,>30mm,0
198901,0mm,19
198901,1-4mm,10
198901,5-14mm,2
198901,15-29mm,0
198901,>30mm,0
198902,0mm,14
198902,1-4mm,12
198902,5-14mm,2
198902,15-29mm,0
198902,>30mm,0
198903,0mm,5
198903,1-4mm,18
198903,5-14mm,7
198903,15-29mm,1
198903,>30mm,0
198904,0mm,20
198904,1-4mm,10
198904,5-14mm,0
198904,15-29mm,0
198904,>30mm,0
198905,0mm,29
198905,1-4mm,2
198905,5-14mm,0
198905,15-29mm,0
198905,>30mm,0
198906,0mm,27
198906,1-4mm,3
198906,5-14mm,0
198906,15-29mm,0
198906,>30mm,0
198907,0mm,30
198907,1-4mm,1
198907,5-14mm,0
198907,15-29mm,0
198907,>30mm,0
198908,0mm,30
198908,1-4mm,1
198908,5-14mm,0
198908,15-29mm,0
198908,>30mm,0
198909,0mm,23
198909,1-4mm,3
198909,5-14mm,4
198909,15-29mm,0
198909,>30mm,0
198910,0mm,24
198910,1-4mm,4
198910,5-14mm,1
198910,15-29mm,2
198910,>30mm,0
198911,0mm,24
198911,1-4mm,4
198911,5-14mm,0
198911,15-29mm,2
198911,>30mm,0
198912,0mm,30
198912,1-4mm,1
198912,5-14mm,0
198912,15-29mm,0
198912,>30mm,0
199001,0mm,17
199001,1-4mm,8
199001,5-14mm,5
199001,15-29mm,1
199001,>30mm,0
199002,0mm,19
199002,1-4mm,5
199002,5-14mm,3
199002,15-29mm,1
199002,>30mm,0
199003,0mm,18
199003,1-4mm,12
199003,5-14mm,1
199003,15-29mm,0
199003,>30mm,0
199004,0mm,22
199004,1-4mm,7
199004,5-14mm,1
199004,15-29mm,0
199004,>30mm,0
199005,0mm,20
199005,1-4mm,7
199005,5-14mm,3
199005,15-29mm,1
199005,>30mm,0
199006,0mm,29
199006,1-4mm,1
199006,5-14mm,0
199006,15-29mm,0
199006,>30mm,0
199007,0mm,30
199007,1-4mm,1
199007,5-14mm,0
199007,15-29mm,0
199007,>30mm,0
199008,0mm,30
199008,1-4mm,1
199008,5-14mm,0
199008,15-29mm,0
199008,>30mm,0
199009,0mm,28
199009,1-4mm,2
199009,5-14mm,0
199009,15-29mm,0
199009,>30mm,0
199010,0mm,28
199010,1-4mm,3
199010,5-14mm,0
199010,15-29mm,0
199010,>30mm,0
199011,0mm,20
199011,1-4mm,10
199011,5-14mm,0
199011,15-29mm,0
199011,>30mm,0
199012,0mm,23
199012,1-4mm,4
199012,5-14mm,4
199012,15-29mm,0
199012,>30mm,0
199101,0mm,21
199101,1-4mm,9
199101,5-14mm,1
199101,15-29mm,0
199101,>30mm,0
199102,0mm,20
199102,1-4mm,3
199102,5-14mm,3
199102,15-29mm,2
199102,>30mm,0
199103,0mm,9
199103,1-4mm,8
199103,5-14mm,10
199103,15-29mm,4
199103,>30mm,0
199104,0mm,21
199104,1-4mm,8
199104,5-14mm,1
199104,15-29mm,0
199104,>30mm,0
199105,0mm,20
199105,1-4mm,11
199105,5-14mm,0
199105,15-29mm,0
199105,>30mm,0
199106,0mm,26
199106,1-4mm,4
199106,5-14mm,0
199106,15-29mm,0
199106,>30mm,0
199107,0mm,28
199107,1-4mm,3
199107,5-14mm,0
199107,15-29mm,0
199107,>30mm,0
199108,0mm,26
199108,1-4mm,5
199108,5-14mm,0
199108,15-29mm,0
199108,>30mm,0
199109,0mm,28
199109,1-4mm,2
199109,5-14mm,0
199109,15-29mm,0
199109,>30mm,0
199110,0mm,26
199110,1-4mm,4
199110,5-14mm,0
199110,15-29mm,0
199110,>30mm,1
199111,0mm,23
199111,1-4mm,6
199111,5-14mm,1
199111,15-29mm,0
199111,>30mm,0
199112,0mm,22
199112,1-4mm,7
199112,5-14mm,0
199112,15-29mm,2
199112,>30mm,0
199201,0mm,21
199201,1-4mm,8
199201,5-14mm,1
199201,15-29mm,1
199201,>30mm,0
199202,0mm,10
199202,1-4mm,10
199202,5-14mm,6
199202,15-29mm,3
199202,>30mm,0
199203,0mm,12
199203,1-4mm,14
199203,5-14mm,4
199203,15-29mm,1
199203,>30mm,0
199204,0mm,24
199204,1-4mm,5
199204,5-14mm,1
199204,15-29mm,0
199204,>30mm,0
199205,0mm,31
199205,1-4mm,0
199205,5-14mm,0
199205,15-29mm,0
199205,>30mm,0
199206,0mm,25
199206,1-4mm,5
199206,5-14mm,0
199206,15-29mm,0
199206,>30mm,0
199207,0mm,31
199207,1-4mm,0
199207,5-14mm,0
199207,15-29mm,0
199207,>30mm,0
199208,0mm,29
199208,1-4mm,2
199208,5-14mm,0
199208,15-29mm,0
199208,>30mm,0
199209,0mm,29
199209,1-4mm,1
199209,5-14mm,0
199209,15-29mm,0
199209,>30mm,0
199210,0mm,24
199210,1-4mm,5
199210,5-14mm,1
199210,15-29mm,1
199210,>30mm,0
199211,0mm,23
199211,1-4mm,7
199211,5-14mm,0
199211,15-29mm,0
199211,>30mm,0
199212,0mm,14
199212,1-4mm,6
199212,5-14mm,8
199212,15-29mm,3
199212,>30mm,0
199301,0mm,10
199301,1-4mm,9
199301,5-14mm,9
199301,15-29mm,2
199301,>30mm,1
199302,0mm,9
199302,1-4mm,12
199302,5-14mm,5
199302,15-29mm,2
199302,>30mm,0
199303,0mm,16
199303,1-4mm,10
199303,5-14mm,5
199303,15-29mm,0
199303,>30mm,0
199304,0mm,20
199304,1-4mm,8
199304,5-14mm,2
199304,15-29mm,0
199304,>30mm,0
199305,0mm,20
199305,1-4mm,10
199305,5-14mm,1
199305,15-29mm,0
199305,>30mm,0
199306,0mm,25
199306,1-4mm,5
199306,5-14mm,0
199306,15-29mm,0
199306,>30mm,0
199307,0mm,31
199307,1-4mm,0
199307,5-14mm,0
199307,15-29mm,0
199307,>30mm,0
199308,0mm,31
199308,1-4mm,0
199308,5-14mm,0
199308,15-29mm,0
199308,>30mm,0
199309,0mm,28
199309,1-4mm,2
199309,5-14mm,0
199309,15-29mm,0
199309,>30mm,0
199310,0mm,21
199310,1-4mm,9
199310,5-14mm,1
199310,15-29mm,0
199310,>30mm,0
199311,0mm,21
199311,1-4mm,5
199311,5-14mm,2
199311,15-29mm,2
199311,>30mm,0
199312,0mm,16
199312,1-4mm,9
199312,5-14mm,6
199312,15-29mm,0
199312,>30mm,0
199401,0mm,20
199401,1-4mm,8
199401,5-14mm,2
199401,15-29mm,1
199401,>30mm,0
199402,0mm,13
199402,1-4mm,7
199402,5-14mm,7
199402,15-29mm,1
199402,>30mm,0
199403,0mm,21
199403,1-4mm,10
199403,5-14mm,0
199403,15-29mm,0
199403,>30mm,0
199404,0mm,24
199404,1-4mm,2
199404,5-14mm,4
199404,15-29mm,0
199404,>30mm,0
199405,0mm,20
199405,1-4mm,8
199405,5-14mm,2
199405,15-29mm,1
199405,>30mm,0
199406,0mm,28
199406,1-4mm,2
199406,5-14mm,0
199406,15-29mm,0
199406,>30mm,0
199407,0mm,31
199407,1-4mm,0
199407,5-14mm,0
199407,15-29mm,0
199407,>30mm,0
199408,0mm,31
199408,1-4mm,0
199408,5-14mm,0
199408,15-29mm,0
199408,>30mm,0
199409,0mm,26
199409,1-4mm,4
199409,5-14mm,0
199409,15-29mm,0
199409,>30mm,0
199410,0mm,27
199410,1-4mm,3
199410,5-14mm,1
199410,15-29mm,0
199410,>30mm,0
199411,0mm,9
199411,1-4mm,11
199411,5-14mm,8
199411,15-29mm,0
199411,>30mm,2
199412,0mm,11
199412,1-4mm,15
199412,5-14mm,5
199412,15-29mm,0
199412,>30mm,0
199501,0mm,3
199501,1-4mm,10
199501,5-14mm,16
199501,15-29mm,1
199501,>30mm,1
199502,0mm,20
199502,1-4mm,8
199502,5-14mm,0
199502,15-29mm,0
199502,>30mm,0
199503,0mm,10
199503,1-4mm,11
199503,5-14mm,4
199503,15-29mm,6
199503,>30mm,0
199504,0mm,13
199504,1-4mm,17
199504,5-14mm,0
199504,15-29mm,0
199504,>30mm,0
199505,0mm,20
199505,1-4mm,7
199505,5-14mm,4
199505,15-29mm,0
199505,>30mm,0
199506,0mm,25
199506,1-4mm,4
199506,5-14mm,0
199506,15-29mm,1
199506,>30mm,0
199507,0mm,30
199507,1-4mm,1
199507,5-14mm,0
199507,15-29mm,0
199507,>30mm,0
199508,0mm,31
199508,1-4mm,0
199508,5-14mm,0
199508,15-29mm,0
199508,>30mm,0
199509,0mm,30
199509,1-4mm,0
199509,5-14mm,0
199509,15-29mm,0
199509,>30mm,0
199510,0mm,30
199510,1-4mm,1
199510,5-14mm,0
199510,15-29mm,0
199510,>30mm,0
199511,0mm,24
199511,1-4mm,6
199511,5-14mm,0
199511,15-29mm,0
199511,>30mm,0
199512,0mm,3
199512,1-4mm,22
199512,5-14mm,4
199512,15-29mm,0
199512,>30mm,2
199601,0mm,8
199601,1-4mm,14
199601,5-14mm,6
199601,15-29mm,3
199601,>30mm,0
199602,0mm,5
199602,1-4mm,14
199602,5-14mm,7
199602,15-29mm,3
199602,>30mm,0
199603,0mm,18
199603,1-4mm,10
199603,5-14mm,2
199603,15-29mm,1
199603,>30mm,0
199604,0mm,19
199604,1-4mm,7
199604,5-14mm,4
199604,15-29mm,0
199604,>30mm,0
199605,0mm,23
199605,1-4mm,6
199605,5-14mm,0
199605,15-29mm,2
199605,>30mm,0
199606,0mm,29
199606,1-4mm,1
199606,5-14mm,0
199606,15-29mm,0
199606,>30mm,0
199607,0mm,31
199607,1-4mm,0
199607,5-14mm,0
199607,15-29mm,0
199607,>30mm,0
199608,0mm,31
199608,1-4mm,0
199608,5-14mm,0
199608,15-29mm,0
199608,>30mm,0
199609,0mm,28
199609,1-4mm,2
199609,5-14mm,0
199609,15-29mm,0
199609,>30mm,0
199610,0mm,22
199610,1-4mm,7
199610,5-14mm,1
199610,15-29mm,1
199610,>30mm,0
199611,0mm,14
199611,1-4mm,12
199611,5-14mm,3
199611,15-29mm,0
199611,>30mm,1
199612,0mm,8
199612,1-4mm,12
199612,5-14mm,8
199612,15-29mm,2
199612,>30mm,1
199701,0mm,6
199701,1-4mm,16
199701,5-14mm,3
199701,15-29mm,4
199701,>30mm,2
199702,0mm,19
199702,1-4mm,9
199702,5-14mm,0
199702,15-29mm,0
199702,>30mm,0
199703,0mm,23
199703,1-4mm,8
199703,5-14mm,0
199703,15-29mm,0
199703,>30mm,0
199704,0mm,24
199704,1-4mm,5
199704,5-14mm,1
199704,15-29mm,0
199704,>30mm,0
199705,0mm,28
199705,1-4mm,2
199705,5-14mm,1
199705,15-29mm,0
199705,>30mm,0
199706,0mm,25
199706,1-4mm,5
199706,5-14mm,0
199706,15-29mm,0
199706,>30mm,0
199707,0mm,30
199707,1-4mm,1
199707,5-14mm,0
199707,15-29mm,0
199707,>30mm,0
199708,0mm,29
199708,1-4mm,1
199708,5-14mm,1
199708,15-29mm,0
199708,>30mm,0
199709,0mm,29
199709,1-4mm,1
199709,5-14mm,0
199709,15-29mm,0
199709,>30mm,0
199710,0mm,24
199710,1-4mm,6
199710,5-14mm,0
199710,15-29mm,1
199710,>30mm,0
199711,0mm,8
199711,1-4mm,11
199711,5-14mm,9
199711,15-29mm,1
199711,>30mm,1
199712,0mm,13
199712,1-4mm,14
199712,5-14mm,2
199712,15-29mm,2
199712,>30mm,0
199801,0mm,1
199801,1-4mm,16
199801,5-14mm,8
199801,15-29mm,5
199801,>30mm,1
199802,0mm,1
199802,1-4mm,11
199802,5-14mm,9
199802,15-29mm,6
199802,>30mm,1
199803,0mm,9
199803,1-4mm,18
199803,5-14mm,4
199803,15-29mm,0
199803,>30mm,0
199804,0mm,13
199804,1-4mm,14
199804,5-14mm,3
199804,15-29mm,0
199804,>30mm,0
199805,0mm,12
199805,1-4mm,13
199805,5-14mm,6
199805,15-29mm,0
199805,>30mm,0
199806,0mm,24
199806,1-4mm,6
199806,5-14mm,0
199806,15-29mm,0
199806,>30mm,0
199807,0mm,31
199807,1-4mm,0
199807,5-14mm,0
199807,15-29mm,0
199807,>30mm,0
199808,0mm,31
199808,1-4mm,0
199808,5-14mm,0
199808,15-29mm,0
199808,>30mm,0
199809,0mm,24
199809,1-4mm,6
199809,5-14mm,0
199809,15-29mm,0
199809,>30mm,0
199810,0mm,24
199810,1-4mm,6
199810,5-14mm,1
199810,15-29mm,0
199810,>30mm,0
199811,0mm,6
199811,1-4mm,18
199811,5-14mm,5
199811,15-29mm,1
199811,>30mm,0
199812,0mm,17
199812,1-4mm,12
199812,5-14mm,2
199812,15-29mm,0
199812,>30mm,0
199901,0mm,11
199901,1-4mm,14
199901,5-14mm,4
199901,15-29mm,2
199901,>30mm,0
199902,0mm,9
199902,1-4mm,10
199902,5-14mm,7
199902,15-29mm,2
199902,>30mm,0
199903,0mm,15
199903,1-4mm,12
199903,5-14mm,4
199903,15-29mm,0
199903,>30mm,0
199904,0mm,19
199904,1-4mm,7
199904,5-14mm,4
199904,15-29mm,0
199904,>30mm,0
199905,0mm,28
199905,1-4mm,3
199905,5-14mm,0
199905,15-29mm,0
199905,>30mm,0
199906,0mm,28
199906,1-4mm,2
199906,5-14mm,0
199906,15-29mm,0
199906,>30mm,0
199907,0mm,31
199907,1-4mm,0
199907,5-14mm,0
199907,15-29mm,0
199907,>30mm,0
199908,0mm,26
199908,1-4mm,5
199908,5-14mm,0
199908,15-29mm,0
199908,>30mm,0
199909,0mm,23
199909,1-4mm,7
199909,5-14mm,0
199909,15-29mm,0
199909,>30mm,0
199910,0mm,27
199910,1-4mm,4
199910,5-14mm,0
199910,15-29mm,0
199910,>30mm,0
199911,0mm,16
199911,1-4mm,10
199911,5-14mm,4
199911,15-29mm,0
199911,>30mm,0
199912,0mm,21
199912,1-4mm,10
199912,5-14mm,0
199912,15-29mm,0
199912,>30mm,0
200001,0mm,6
200001,1-4mm,17
200001,5-14mm,6
200001,15-29mm,0
200001,>30mm,2
200002,0mm,1
200002,1-4mm,17
200002,5-14mm,7
200002,15-29mm,3
200002,>30mm,1
200003,0mm,18
200003,1-4mm,10
200003,5-14mm,3
200003,15-29mm,0
200003,>30mm,0
200004,0mm,21
200004,1-4mm,8
200004,5-14mm,1
200004,15-29mm,0
200004,>30mm,0
200005,0mm,23
200005,1-4mm,5
200005,5-14mm,3
200005,15-29mm,0
200005,>30mm,0
200006,0mm,26
200006,1-4mm,4
200006,5-14mm,0
200006,15-29mm,0
200006,>30mm,0
200007,0mm,30
200007,1-4mm,1
200007,5-14mm,0
200007,15-29mm,0
200007,>30mm,0
200008,0mm,26
200008,1-4mm,5
200008,5-14mm,0
200008,15-29mm,0
200008,>30mm,0
200009,0mm,25
200009,1-4mm,5
200009,5-14mm,0
200009,15-29mm,0
200009,>30mm,0
200010,0mm,16
200010,1-4mm,9
200010,5-14mm,5
200010,15-29mm,1
200010,>30mm,0
200011,0mm,14
200011,1-4mm,15
200011,5-14mm,1
200011,15-29mm,0
200011,>30mm,0
200012,0mm,16
200012,1-4mm,14
200012,5-14mm,1
200012,15-29mm,0
200012,>30mm,0
200101,0mm,13
200101,1-4mm,11
200101,5-14mm,7
200101,15-29mm,0
200101,>30mm,0
200102,0mm,12
200102,1-4mm,6
200102,5-14mm,10
200102,15-29mm,0
200102,>30mm,0
200103,0mm,18
200103,1-4mm,9
200103,5-14mm,4
200103,15-29mm,0
200103,>30mm,0
200104,0mm,18
200104,1-4mm,8
200104,5-14mm,4
200104,15-29mm,0
200104,>30mm,0
200105,0mm,31
200105,1-4mm,0
200105,5-14mm,0
200105,15-29mm,0
200105,>30mm,0
200106,0mm,25
200106,1-4mm,5
200106,5-14mm,0
200106,15-29mm,0
200106,>30mm,0
200107,0mm,31
200107,1-4mm,0
200107,5-14mm,0
200107,15-29mm,0
200107,>30mm,0
200108,0mm,28
200108,1-4mm,3
200108,5-14mm,0
200108,15-29mm,0
200108,>30mm,0
200109,0mm,25
200109,1-4mm,5
200109,5-14mm,0
200109,15-29mm,0
200109,>30mm,0
200110,0mm,24
200110,1-4mm,6
200110,5-14mm,1
200110,15-29mm,0
200110,>30mm,0
200111,0mm,7
200111,1-4mm,19
200111,5-14mm,2
200111,15-29mm,2
200111,>30mm,0
200112,0mm,4
200112,1-4mm,15
200112,5-14mm,8
200112,15-29mm,4
200112,>30mm,0
200201,0mm,7
200201,1-4mm,22
200201,5-14mm,2
200201,15-29mm,0
200201,>30mm,0
200202,0mm,14
200202,1-4mm,12
200202,5-14mm,2
200202,15-29mm,0
200202,>30mm,0
200203,0mm,17
200203,1-4mm,8
200203,5-14mm,6
200203,15-29mm,0
200203,>30mm,0
200204,0mm,20
200204,1-4mm,10
200204,5-14mm,0
200204,15-29mm,0
200204,>30mm,0
200205,0mm,25
200205,1-4mm,4
200205,5-14mm,2
200205,15-29mm,0
200205,>30mm,0
200206,0mm,28
200206,1-4mm,2
200206,5-14mm,0
200206,15-29mm,0
200206,>30mm,0
200207,0mm,31
200207,1-4mm,0
200207,5-14mm,0
200207,15-29mm,0
200207,>30mm,0
200208,0mm,29
200208,1-4mm,2
200208,5-14mm,0
200208,15-29mm,0
200208,>30mm,0
200209,0mm,28
200209,1-4mm,2
200209,5-14mm,0
200209,15-29mm,0
200209,>30mm,0
200210,0mm,28
200210,1-4mm,3
200210,5-14mm,0
200210,15-29mm,0
200210,>30mm,0
200211,0mm,22
200211,1-4mm,6
200211,5-14mm,0
200211,15-29mm,1
200211,>30mm,1
200212,0mm,8
200212,1-4mm,12
200212,5-14mm,5
200212,15-29mm,4
200212,>30mm,2
200301,0mm,14
200301,1-4mm,16
200301,5-14mm,1
200301,15-29mm,0
200301,>30mm,0
200302,0mm,15
200302,1-4mm,10
200302,5-14mm,3
200302,15-29mm,0
200302,>30mm,0
200303,0mm,17
200303,1-4mm,11
200303,5-14mm,3
200303,15-29mm,0
200303,>30mm,0
200304,0mm,7
200304,1-4mm,17
200304,5-14mm,4
200304,15-29mm,2
200304,>30mm,0
200305,0mm,21
200305,1-4mm,8
200305,5-14mm,2
200305,15-29mm,0
200305,>30mm,0
200306,0mm,30
200306,1-4mm,0
200306,5-14mm,0
200306,15-29mm,0
200306,>30mm,0
200307,0mm,28
200307,1-4mm,3
200307,5-14mm,0
200307,15-29mm,0
200307,>30mm,0
200308,0mm,26
200308,1-4mm,5
200308,5-14mm,0
200308,15-29mm,0
200308,>30mm,0
200309,0mm,28
200309,1-4mm,2
200309,5-14mm,0
200309,15-29mm,0
200309,>30mm,0
200310,0mm,30
200310,1-4mm,1
200310,5-14mm,0
200310,15-29mm,0
200310,>30mm,0
200311,0mm,16
200311,1-4mm,11
200311,5-14mm,2
200311,15-29mm,1
200311,>30mm,0
200312,0mm,7
200312,1-4mm,15
200312,5-14mm,8
200312,15-29mm,1
200312,>30mm,0
200401,0mm,7
200401,1-4mm,21
200401,5-14mm,2
200401,15-29mm,0
200401,>30mm,1
200402,0mm,5
200402,1-4mm,17
200402,5-14mm,4
200402,15-29mm,3
200402,>30mm,0
200403,0mm,22
200403,1-4mm,8
200403,5-14mm,1
200403,15-29mm,0
200403,>30mm,0
200404,0mm,23
200404,1-4mm,7
200404,5-14mm,0
200404,15-29mm,0
200404,>30mm,0
200405,0mm,29
200405,1-4mm,2
200405,5-14mm,0
200405,15-29mm,0
200405,>30mm,0
200406,0mm,30
200406,1-4mm,0
200406,5-14mm,0
200406,15-29mm,0
200406,>30mm,0
200407,0mm,30
200407,1-4mm,1
200407,5-14mm,0
200407,15-29mm,0
200407,>30mm,0
200408,0mm,30
200408,1-4mm,1
200408,5-14mm,0
200408,15-29mm,0
200408,>30mm,0
200409,0mm,27
200409,1-4mm,2
200409,5-14mm,1
200409,15-29mm,0
200409,>30mm,0
200410,0mm,20
200410,1-4mm,8
200410,5-14mm,1
200410,15-29mm,2
200410,>30mm,0
200411,0mm,15
200411,1-4mm,13
200411,5-14mm,2
200411,15-29mm,0
200411,>30mm,0
200412,0mm,15
200412,1-4mm,9
200412,5-14mm,3
200412,15-29mm,4
200412,>30mm,0
200501,0mm,6
200501,1-4mm,17
200501,5-14mm,8
200501,15-29mm,0
200501,>30mm,0
200502,0mm,10
200502,1-4mm,10
200502,5-14mm,7
200502,15-29mm,1
200502,>30mm,0
200503,0mm,10
200503,1-4mm,15
200503,5-14mm,5
200503,15-29mm,1
200503,>30mm,0
200504,0mm,18
200504,1-4mm,8
200504,5-14mm,4
200504,15-29mm,0
200504,>30mm,0
200505,0mm,20
200505,1-4mm,6
200505,5-14mm,5
200505,15-29mm,0
200505,>30mm,0
200506,0mm,24
200506,1-4mm,6
200506,5-14mm,0
200506,15-29mm,0
200506,>30mm,0
200507,0mm,28
200507,1-4mm,3
200507,5-14mm,0
200507,15-29mm,0
200507,>30mm,0
200508,0mm,28
200508,1-4mm,3
200508,5-14mm,0
200508,15-29mm,0
200508,>30mm,0
200509,0mm,25
200509,1-4mm,5
200509,5-14mm,0
200509,15-29mm,0
200509,>30mm,0
200510,0mm,19
200510,1-4mm,12
200510,5-14mm,0
200510,15-29mm,0
200510,>30mm,0
200511,0mm,15
200511,1-4mm,13
200511,5-14mm,2
200511,15-29mm,0
200511,>30mm,0
200512,0mm,12
200512,1-4mm,9
200512,5-14mm,7
200512,15-29mm,1
200512,>30mm,2
200601,0mm,8
200601,1-4mm,19
200601,5-14mm,3
200601,15-29mm,1
200601,>30mm,0
200602,0mm,16
200602,1-4mm,9
200602,5-14mm,3
200602,15-29mm,0
200602,>30mm,0
200603,0mm,3
200603,1-4mm,13
200603,5-14mm,13
200603,15-29mm,2
200603,>30mm,0
200604,0mm,11
200604,1-4mm,12
200604,5-14mm,6
200604,15-29mm,1
200604,>30mm,0
200605,0mm,24
200605,1-4mm,6
200605,5-14mm,1
200605,15-29mm,0
200605,>30mm,0
200606,0mm,29
200606,1-4mm,1
200606,5-14mm,0
200606,15-29mm,0
200606,>30mm,0
200607,0mm,31
200607,1-4mm,0
200607,5-14mm,0
200607,15-29mm,0
200607,>30mm,0
200608,0mm,31
200608,1-4mm,0
200608,5-14mm,0
200608,15-29mm,0
200608,>30mm,0
200609,0mm,29
200609,1-4mm,1
200609,5-14mm,0
200609,15-29mm,0
200609,>30mm,0
200610,0mm,25
200610,1-4mm,5
200610,5-14mm,1
200610,15-29mm,0
200610,>30mm,0
200611,0mm,9
200611,1-4mm,17
200611,5-14mm,4
200611,15-29mm,0
200611,>30mm,0
200612,0mm,14
200612,1-4mm,13
200612,5-14mm,3
200612,15-29mm,1
200612,>30mm,0
200701,0mm,21
200701,1-4mm,10
200701,5-14mm,0
200701,15-29mm,0
200701,>30mm,0
200702,0mm,11
200702,1-4mm,8
200702,5-14mm,8
200702,15-29mm,1
200702,>30mm,0
200703,0mm,24
200703,1-4mm,7
200703,5-14mm,0
200703,15-29mm,0
200703,>30mm,0
200704,0mm,19
200704,1-4mm,9
200704,5-14mm,2
200704,15-29mm,0
200704,>30mm,0
200705,0mm,27
200705,1-4mm,4
200705,5-14mm,0
200705,15-29mm,0
200705,>30mm,0
200706,0mm,30
200706,1-4mm,0
200706,5-14mm,0
200706,15-29mm,0
200706,>30mm,0
200707,0mm,27
200707,1-4mm,4
200707,5-14mm,0
200707,15-29mm,0
200707,>30mm,0
200708,0mm,30
200708,1-4mm,1
200708,5-14mm,0
200708,15-29mm,0
200708,>30mm,0
200709,0mm,25
200709,1-4mm,5
200709,5-14mm,0
200709,15-29mm,0
200709,>30mm,0
200710,0mm,15
200710,1-4mm,14
200710,5-14mm,1
200710,15-29mm,1
200710,>30mm,0
200711,0mm,21
200711,1-4mm,7
200711,5-14mm,2
200711,15-29mm,0
200711,>30mm,0
200712,0mm,16
200712,1-4mm,10
200712,5-14mm,4
200712,15-29mm,1
200712,>30mm,0
200801,0mm,9
200801,1-4mm,13
200801,5-14mm,6
200801,15-29mm,2
200801,>30mm,1
200802,0mm,16
200802,1-4mm,8
200802,5-14mm,5
200802,15-29mm,0
200802,>30mm,0
200803,0mm,22
200803,1-4mm,9
200803,5-14mm,0
200803,15-29mm,0
200803,>30mm,0
200804,0mm,27
200804,1-4mm,3
200804,5-14mm,0
200804,15-29mm,0
200804,>30mm,0
200805,0mm,29
200805,1-4mm,2
200805,5-14mm,0
200805,15-29mm,0
200805,>30mm,0
200806,0mm,30
200806,1-4mm,0
200806,5-14mm,0
200806,15-29mm,0
200806,>30mm,0
200807,0mm,31
200807,1-4mm,0
200807,5-14mm,0
200807,15-29mm,0
200807,>30mm,0
200808,0mm,30
200808,1-4mm,1
200808,5-14mm,0
200808,15-29mm,0
200808,>30mm,0
200809,0mm,28
200809,1-4mm,2
200809,5-14mm,0
200809,15-29mm,0
200809,>30mm,0
200810,0mm,22
200810,1-4mm,9
200810,5-14mm,0
200810,15-29mm,0
200810,>30mm,0
200811,0mm,15
200811,1-4mm,12
200811,5-14mm,2
200811,15-29mm,1
200811,>30mm,0
200812,0mm,10
200812,1-4mm,17
200812,5-14mm,4
200812,15-29mm,0
200812,>30mm,0
200901,0mm,15
200901,1-4mm,15
200901,5-14mm,0
200901,15-29mm,1
200901,>30mm,0
200902,0mm,3
200902,1-4mm,16
200902,5-14mm,6
200902,15-29mm,3
200902,>30mm,0
200903,0mm,19
200903,1-4mm,7
200903,5-14mm,4
200903,15-29mm,1
200903,>30mm,0
200904,0mm,23
200904,1-4mm,6
200904,5-14mm,1
200904,15-29mm,0
200904,>30mm,0
200905,0mm,25
200905,1-4mm,3
200905,5-14mm,3
200905,15-29mm,0
200905,>30mm,0
200906,0mm,24
200906,1-4mm,6
200906,5-14mm,0
200906,15-29mm,0
200906,>30mm,0
200907,0mm,28
200907,1-4mm,3
200907,5-14mm,0
200907,15-29mm,0
200907,>30mm,0
200908,0mm,29
200908,1-4mm,2
200908,5-14mm,0
200908,15-29mm,0
200908,>30mm,0
200909,0mm,23
200909,1-4mm,7
200909,5-14mm,0
200909,15-29mm,0
200909,>30mm,0
200910,0mm,21
200910,1-4mm,6
200910,5-14mm,2
200910,15-29mm,0
200910,>30mm,2
200911,0mm,17
200911,1-4mm,13
200911,5-14mm,0
200911,15-29mm,0
200911,>30mm,0
200912,0mm,8
200912,1-4mm,18
200912,5-14mm,4
200912,15-29mm,1
200912,>30mm,0
