YearMonth,temp_bins,0
198001,40-49F,0
198001,50-59F,19
198001,60-69F,12
198001,70-79F,0
198001,80-89F,0
198001,90-99F,0
198001,>100F,0
198002,40-49F,0
198002,50-59F,3
198002,60-69F,26
198002,70-79F,0
198002,80-89F,0
198002,90-99F,0
198002,>100F,0
198003,40-49F,0
198003,50-59F,4
198003,60-69F,21
198003,70-79F,6
198003,80-89F,0
198003,90-99F,0
198003,>100F,0
198004,40-49F,0
198004,50-59F,4
198004,60-69F,20
198004,70-79F,5
198004,80-89F,1
198004,90-99F,0
198004,>100F,0
198005,40-49F,0
198005,50-59F,3
198005,60-69F,23
198005,70-79F,5
198005,80-89F,0
198005,90-99F,0
198005,>100F,0
198006,40-49F,0
198006,50-59F,0
198006,60-69F,18
198006,70-79F,10
198006,80-89F,2
198006,90-99F,0
198006,>100F,0
198007,40-49F,0
198007,50-59F,0
198007,60-69F,13
198007,70-79F,13
198007,80-89F,5
198007,90-99F,0
198007,>100F,0
198008,40-49F,0
198008,50-59F,1
198008,60-69F,20
198008,70-79F,9
198008,80-89F,1
198008,90-99F,0
198008,>100F,0
198009,40-49F,0
198009,50-59F,0
198009,60-69F,15
198009,70-79F,10
198009,80-89F,4
198009,90-99F,1
198009,>100F,0
198010,40-49F,0
198010,50-59F,0
198010,60-69F,12
198010,70-79F,14
198010,80-89F,1
198010,90-99F,3
198010,>100F,1
198011,40-49F,0
198011,50-59F,1
198011,60-69F,20
198011,70-79F,7
198011,80-89F,2
198011,90-99F,0
198011,>100F,0
198012,40-49F,0
198012,50-59F,6
198012,60-69F,23
198012,70-79F,2
198012,80-89F,0
198012,90-99F,0
198012,>100F,0
198101,40-49F,0
198101,50-59F,16
198101,60-69F,15
198101,70-79F,0
198101,80-89F,0
198101,90-99F,0
198101,>100F,0
198102,40-49F,0
198102,50-59F,6
198102,60-69F,19
198102,70-79F,3
198102,80-89F,0
198102,90-99F,0
198102,>100F,0
198103,40-49F,0
198103,50-59F,6
198103,60-69F,24
198103,70-79F,1
198103,80-89F,0
198103,90-99F,0
198103,>100F,0
198104,40-49F,0
198104,50-59F,2
198104,60-69F,19
198104,70-79F,7
198104,80-89F,0
198104,90-99F,2
198104,>100F,0
198105,40-49F,0
198105,50-59F,0
198105,60-69F,17
198105,70-79F,13
198105,80-89F,1
198105,90-99F,0
198105,>100F,0
198106,40-49F,0
198106,50-59F,0
198106,60-69F,5
198106,70-79F,15
198106,80-89F,7
198106,90-99F,3
198106,>100F,0
198107,40-49F,0
198107,50-59F,0
198107,60-69F,16
198107,70-79F,10
198107,80-89F,4
198107,90-99F,1
198107,>100F,0
198108,40-49F,0
198108,50-59F,0
198108,60-69F,9
198108,70-79F,19
198108,80-89F,3
198108,90-99F,0
198108,>100F,0
198109,40-49F,0
198109,50-59F,0
198109,60-69F,11
198109,70-79F,15
198109,80-89F,4
198109,90-99F,0
198109,>100F,0
198110,40-49F,0
198110,50-59F,0
198110,60-69F,17
198110,70-79F,13
198110,80-89F,1
198110,90-99F,0
198110,>100F,0
198111,40-49F,0
198111,50-59F,5
198111,60-69F,21
198111,70-79F,4
198111,80-89F,0
198111,90-99F,0
198111,>100F,0
198112,40-49F,0
198112,50-59F,14
198112,60-69F,17
198112,70-79F,0
198112,80-89F,0
198112,90-99F,0
198112,>100F,0
198201,40-49F,3
198201,50-59F,18
198201,60-69F,10
198201,70-79F,0
198201,80-89F,0
198201,90-99F,0
198201,>100F,0
198202,40-49F,0
198202,50-59F,8
198202,60-69F,17
198202,70-79F,3
198202,80-89F,0
198202,90-99F,0
198202,>100F,0
198203,40-49F,0
198203,50-59F,11
198203,60-69F,20
198203,70-79F,0
198203,80-89F,0
198203,90-99F,0
198203,>100F,0
198204,40-49F,1
198204,50-59F,6
198204,60-69F,16
198204,70-79F,6
198204,80-89F,1
198204,90-99F,0
198204,>100F,0
198205,40-49F,0
198205,50-59F,3
198205,60-69F,20
198205,70-79F,6
198205,80-89F,2
198205,90-99F,0
198205,>100F,0
198206,40-49F,0
198206,50-59F,2
198206,60-69F,25
198206,70-79F,3
198206,80-89F,0
198206,90-99F,0
198206,>100F,0
198207,40-49F,0
198207,50-59F,0
198207,60-69F,16
198207,70-79F,14
198207,80-89F,1
198207,90-99F,0
198207,>100F,0
198208,40-49F,0
198208,50-59F,0
198208,60-69F,11
198208,70-79F,19
198208,80-89F,0
198208,90-99F,1
198208,>100F,0
198209,40-49F,0
198209,50-59F,0
198209,60-69F,6
198209,70-79F,18
198209,80-89F,6
198209,90-99F,0
198209,>100F,0
198210,40-49F,0
198210,50-59F,0
198210,60-69F,10
198210,70-79F,18
198210,80-89F,3
198210,90-99F,0
198210,>100F,0
198212,40-49F,0
198212,50-59F,14
198212,60-69F,17
198212,70-79F,0
198212,80-89F,0
198212,90-99F,0
198212,>100F,0
198301,40-49F,0
198301,50-59F,21
198301,60-69F,10
198301,70-79F,0
198301,80-89F,0
198301,90-99F,0
198301,>100F,0
198302,40-49F,0
198302,50-59F,8
198302,60-69F,20
198302,70-79F,0
198302,80-89F,0
198302,90-99F,0
198302,>100F,0
198303,40-49F,0
198303,50-59F,10
198303,60-69F,19
198303,70-79F,2
198303,80-89F,0
198303,90-99F,0
198303,>100F,0
198304,40-49F,0
198304,50-59F,6
198304,60-69F,21
198304,70-79F,3
198304,80-89F,0
198304,90-99F,0
198304,>100F,0
198305,40-49F,0
198305,50-59F,1
198305,60-69F,19
198305,70-79F,8
198305,80-89F,2
198305,90-99F,0
198305,>100F,0
198306,40-49F,0
198306,50-59F,0
198306,60-69F,8
198306,70-79F,18
198306,80-89F,4
198306,90-99F,0
198306,>100F,0
198307,40-49F,0
198307,50-59F,0
198307,60-69F,6
198307,70-79F,20
198307,80-89F,4
198307,90-99F,1
198307,>100F,0
198308,40-49F,0
198308,50-59F,0
198308,60-69F,2
198308,70-79F,24
198308,80-89F,4
198308,90-99F,1
198308,>100F,0
198309,40-49F,0
198309,50-59F,0
198309,60-69F,3
198309,70-79F,14
198309,80-89F,9
198309,90-99F,4
198309,>100F,0
198310,40-49F,0
198310,50-59F,0
198310,60-69F,6
198310,70-79F,21
198310,80-89F,4
198310,90-99F,0
198310,>100F,0
198311,40-49F,0
198311,50-59F,9
198311,60-69F,18
198311,70-79F,3
198311,80-89F,0
198311,90-99F,0
198311,>100F,0
198312,40-49F,0
198312,50-59F,17
198312,60-69F,14
198312,70-79F,0
198312,80-89F,0
198312,90-99F,0
198312,>100F,0
198401,40-49F,0
198401,50-59F,16
198401,60-69F,10
198401,70-79F,5
198401,80-89F,0
198401,90-99F,0
198401,>100F,0
198402,40-49F,0
198402,50-59F,10
198402,60-69F,18
198402,70-79F,1
198402,80-89F,0
198402,90-99F,0
198402,>100F,0
198403,40-49F,0
198403,50-59F,1
198403,60-69F,22
198403,70-79F,8
198403,80-89F,0
198403,90-99F,0
198403,>100F,0
198404,40-49F,0
198404,50-59F,1
198404,60-69F,25
198404,70-79F,3
198404,80-89F,1
198404,90-99F,0
198404,>100F,0
198405,40-49F,0
198405,50-59F,0
198405,60-69F,8
198405,70-79F,17
198405,80-89F,5
198405,90-99F,1
198405,>100F,0
198406,40-49F,0
198406,50-59F,1
198406,60-69F,11
198406,70-79F,16
198406,80-89F,2
198406,90-99F,0
198406,>100F,0
198407,40-49F,0
198407,50-59F,0
198407,60-69F,7
198407,70-79F,18
198407,80-89F,6
198407,90-99F,0
198407,>100F,0
198408,40-49F,0
198408,50-59F,0
198408,60-69F,4
198408,70-79F,24
198408,80-89F,2
198408,90-99F,1
198408,>100F,0
198409,40-49F,0
198409,50-59F,0
198409,60-69F,1
198409,70-79F,11
198409,80-89F,12
198409,90-99F,5
198409,>100F,1
198410,40-49F,0
198410,50-59F,1
198410,60-69F,15
198410,70-79F,14
198410,80-89F,1
198410,90-99F,0
198410,>100F,0
198411,40-49F,0
198411,50-59F,13
198411,60-69F,16
198411,70-79F,1
198411,80-89F,0
198411,90-99F,0
198411,>100F,0
198412,40-49F,2
198412,50-59F,23
198412,60-69F,6
198412,70-79F,0
198412,80-89F,0
198412,90-99F,0
198412,>100F,0
198501,40-49F,0
198501,50-59F,26
198501,60-69F,5
198501,70-79F,0
198501,80-89F,0
198501,90-99F,0
198501,>100F,0
198502,40-49F,0
198502,50-59F,10
198502,60-69F,13
198502,70-79F,5
198502,80-89F,0
198502,90-99F,0
198502,>100F,0
198503,40-49F,0
198503,50-59F,16
198503,60-69F,14
198503,70-79F,1
198503,80-89F,0
198503,90-99F,0
198503,>100F,0
198504,40-49F,0
198504,50-59F,4
198504,60-69F,14
198504,70-79F,7
198504,80-89F,5
198504,90-99F,0
198504,>100F,0
198505,40-49F,0
198505,50-59F,1
198505,60-69F,24
198505,70-79F,5
198505,80-89F,1
198505,90-99F,0
198505,>100F,0
198506,40-49F,0
198506,50-59F,0
198506,60-69F,11
198506,70-79F,16
198506,80-89F,3
198506,90-99F,0
198506,>100F,0
198507,40-49F,0
198507,50-59F,0
198507,60-69F,13
198507,70-79F,12
198507,80-89F,3
198507,90-99F,3
198507,>100F,0
198508,40-49F,0
198508,50-59F,0
198508,60-69F,10
198508,70-79F,17
198508,80-89F,4
198508,90-99F,0
198508,>100F,0
198509,40-49F,0
198509,50-59F,0
198509,60-69F,12
198509,70-79F,16
198509,80-89F,2
198509,90-99F,0
198509,>100F,0
198510,40-49F,0
198510,50-59F,1
198510,60-69F,15
198510,70-79F,9
198510,80-89F,5
198510,90-99F,1
198510,>100F,0
198511,40-49F,0
198511,50-59F,18
198511,60-69F,6
198511,70-79F,5
198511,80-89F,1
198511,90-99F,0
198511,>100F,0
198512,40-49F,2
198512,50-59F,18
198512,60-69F,11
198512,70-79F,0
198512,80-89F,0
198512,90-99F,0
198512,>100F,0
198601,40-49F,0
198601,50-59F,10
198601,60-69F,21
198601,70-79F,0
198601,80-89F,0
198601,90-99F,0
198601,>100F,0
198602,40-49F,0
198602,50-59F,6
198602,60-69F,17
198602,70-79F,5
198602,80-89F,0
198602,90-99F,0
198602,>100F,0
198603,40-49F,0
198603,50-59F,6
198603,60-69F,19
198603,70-79F,6
198603,80-89F,0
198603,90-99F,0
198603,>100F,0
198604,40-49F,0
198604,50-59F,4
198604,60-69F,21
198604,70-79F,4
198604,80-89F,1
198604,90-99F,0
198604,>100F,0
198605,40-49F,0
198605,50-59F,0
198605,60-69F,18
198605,70-79F,13
198605,80-89F,0
198605,90-99F,0
198605,>100F,0
198606,40-49F,0
198606,50-59F,0
198606,60-69F,16
198606,70-79F,12
198606,80-89F,2
198606,90-99F,0
198606,>100F,0
198607,40-49F,0
198607,50-59F,0
198607,60-69F,13
198607,70-79F,15
198607,80-89F,3
198607,90-99F,0
198607,>100F,0
198608,40-49F,0
198608,50-59F,0
198608,60-69F,17
198608,70-79F,14
198608,80-89F,0
198608,90-99F,0
198608,>100F,0
198609,40-49F,0
198609,50-59F,0
198609,60-69F,17
198609,70-79F,12
198609,80-89F,1
198609,90-99F,0
198609,>100F,0
198610,40-49F,0
198610,50-59F,1
198610,60-69F,12
198610,70-79F,12
198610,80-89F,6
198610,90-99F,0
198610,>100F,0
198611,40-49F,0
198611,50-59F,0
198611,60-69F,19
198611,70-79F,11
198611,80-89F,0
198611,90-99F,0
198611,>100F,0
198612,40-49F,0
198612,50-59F,15
198612,60-69F,16
198612,70-79F,0
198612,80-89F,0
198612,90-99F,0
198612,>100F,0
198701,40-49F,1
198701,50-59F,20
198701,60-69F,10
198701,70-79F,0
198701,80-89F,0
198701,90-99F,0
198701,>100F,0
198702,40-49F,0
198702,50-59F,8
198702,60-69F,16
198702,70-79F,4
198702,80-89F,0
198702,90-99F,0
198702,>100F,0
198703,40-49F,0
198703,50-59F,5
198703,60-69F,19
198703,70-79F,7
198703,80-89F,0
198703,90-99F,0
198703,>100F,0
198704,40-49F,0
198704,50-59F,0
198704,60-69F,15
198704,70-79F,12
198704,80-89F,3
198704,90-99F,0
198704,>100F,0
198705,40-49F,0
198705,50-59F,0
198705,60-69F,16
198705,70-79F,10
198705,80-89F,3
198705,90-99F,2
198705,>100F,0
198706,40-49F,0
198706,50-59F,0
198706,60-69F,15
198706,70-79F,12
198706,80-89F,2
198706,90-99F,1
198706,>100F,0
198707,40-49F,0
198707,50-59F,0
198707,60-69F,7
198707,70-79F,20
198707,80-89F,4
198707,90-99F,0
198707,>100F,0
198708,40-49F,0
198708,50-59F,0
198708,60-69F,6
198708,70-79F,22
198708,80-89F,3
198708,90-99F,0
198708,>100F,0
198709,40-49F,0
198709,50-59F,0
198709,60-69F,4
198709,70-79F,22
198709,80-89F,4
198709,90-99F,0
198709,>100F,0
198710,40-49F,0
198710,50-59F,0
198710,60-69F,17
198710,70-79F,9
198710,80-89F,3
198710,90-99F,2
198710,>100F,0
198711,40-49F,0
198711,50-59F,3
198711,60-69F,24
198711,70-79F,3
198711,80-89F,0
198711,90-99F,0
198711,>100F,0
198712,40-49F,1
198712,50-59F,22
198712,60-69F,8
198712,70-79F,0
198712,80-89F,0
198712,90-99F,0
198712,>100F,0
198801,40-49F,2
198801,50-59F,19
198801,60-69F,9
198801,70-79F,1
198801,80-89F,0
198801,90-99F,0
198801,>100F,0
198802,40-49F,0
198802,50-59F,3
198802,60-69F,21
198802,70-79F,5
198802,80-89F,0
198802,90-99F,0
198802,>100F,0
198803,40-49F,0
198803,50-59F,2
198803,60-69F,21
198803,70-79F,8
198803,80-89F,0
198803,90-99F,0
198803,>100F,0
198804,40-49F,0
198804,50-59F,6
198804,60-69F,16
198804,70-79F,5
198804,80-89F,3
198804,90-99F,0
198804,>100F,0
198805,40-49F,0
198805,50-59F,4
198805,60-69F,17
198805,70-79F,8
198805,80-89F,2
198805,90-99F,0
198805,>100F,0
198806,40-49F,0
198806,50-59F,1
198806,60-69F,15
198806,70-79F,12
198806,80-89F,2
198806,90-99F,0
198806,>100F,0
198807,40-49F,0
198807,50-59F,0
198807,60-69F,4
198807,70-79F,20
198807,80-89F,6
198807,90-99F,1
198807,>100F,0
198904,40-49F,0
198904,50-59F,2
198904,60-69F,19
198904,70-79F,4
198904,80-89F,3
198904,90-99F,2
198904,>100F,0
198905,40-49F,0
198905,50-59F,2
198905,60-69F,19
198905,70-79F,10
198905,80-89F,0
198905,90-99F,0
198905,>100F,0
198906,40-49F,0
198906,50-59F,2
198906,60-69F,15
198906,70-79F,9
198906,80-89F,2
198906,90-99F,2
198906,>100F,0
198907,40-49F,0
198907,50-59F,0
198907,60-69F,3
198907,70-79F,22
198907,80-89F,6
198907,90-99F,0
198907,>100F,0
198908,40-49F,0
198908,50-59F,0
198908,60-69F,15
198908,70-79F,14
198908,80-89F,2
198908,90-99F,0
198908,>100F,0
198909,40-49F,0
198909,50-59F,0
198909,60-69F,14
198909,70-79F,14
198909,80-89F,2
198909,90-99F,0
198909,>100F,0
198910,40-49F,0
198910,50-59F,1
198910,60-69F,16
198910,70-79F,9
198910,80-89F,4
198910,90-99F,1
198910,>100F,0
198911,40-49F,0
198911,50-59F,3
198911,60-69F,15
198911,70-79F,12
198911,80-89F,0
198911,90-99F,0
198911,>100F,0
198912,40-49F,0
198912,50-59F,11
198912,60-69F,20
198912,70-79F,0
198912,80-89F,0
198912,90-99F,0
198912,>100F,0
199001,40-49F,0
199001,50-59F,21
199001,60-69F,10
199001,70-79F,0
199001,80-89F,0
199001,90-99F,0
199001,>100F,0
199002,40-49F,1
199002,50-59F,21
199002,60-69F,3
199002,70-79F,3
199002,80-89F,0
199002,90-99F,0
199002,>100F,0
199003,40-49F,0
199003,50-59F,11
199003,60-69F,19
199003,70-79F,1
199003,80-89F,0
199003,90-99F,0
199003,>100F,0
199004,40-49F,0
199004,50-59F,1
199004,60-69F,19
199004,70-79F,8
199004,80-89F,2
199004,90-99F,0
199004,>100F,0
199005,40-49F,0
199005,50-59F,0
199005,60-69F,23
199005,70-79F,6
199005,80-89F,1
199005,90-99F,0
199005,>100F,0
199006,40-49F,0
199006,50-59F,0
199006,60-69F,11
199006,70-79F,15
199006,80-89F,4
199006,90-99F,0
199006,>100F,0
199007,40-49F,0
199007,50-59F,0
199007,60-69F,12
199007,70-79F,17
199007,80-89F,2
199007,90-99F,0
199007,>100F,0
199008,40-49F,0
199008,50-59F,0
199008,60-69F,8
199008,70-79F,22
199008,80-89F,1
199008,90-99F,0
199008,>100F,0
199009,40-49F,0
199009,50-59F,0
199009,60-69F,0
199009,70-79F,27
199009,80-89F,2
199009,90-99F,0
199009,>100F,0
199010,40-49F,0
199010,50-59F,0
199010,60-69F,6
199010,70-79F,18
199010,80-89F,5
199010,90-99F,1
199010,>100F,0
199011,40-49F,0
199011,50-59F,6
199011,60-69F,13
199011,70-79F,11
199011,80-89F,0
199011,90-99F,0
199011,>100F,0
199012,40-49F,4
199012,50-59F,16
199012,60-69F,11
199012,70-79F,0
199012,80-89F,0
199012,90-99F,0
199012,>100F,0
199312,40-49F,1
199312,50-59F,17
199312,60-69F,10
199312,70-79F,0
199312,80-89F,0
199312,90-99F,0
199312,>100F,0
199401,40-49F,0
199401,50-59F,14
199401,60-69F,15
199401,70-79F,2
199401,80-89F,0
199401,90-99F,0
199401,>100F,0
199402,40-49F,1
199402,50-59F,16
199402,60-69F,11
199402,70-79F,0
199402,80-89F,0
199402,90-99F,0
199402,>100F,0
199403,40-49F,0
199403,50-59F,5
199403,60-69F,20
199403,70-79F,6
199403,80-89F,0
199403,90-99F,0
199403,>100F,0
199404,40-49F,0
199404,50-59F,5
199404,60-69F,20
199404,70-79F,5
199404,80-89F,0
199404,90-99F,0
199404,>100F,0
199405,40-49F,0
199405,50-59F,2
199405,60-69F,23
199405,70-79F,6
199405,80-89F,0
199405,90-99F,0
199405,>100F,0
199406,40-49F,0
199406,50-59F,0
199406,60-69F,8
199406,70-79F,7
199406,80-89F,1
199406,90-99F,1
199406,>100F,0
199407,40-49F,0
199407,50-59F,0
199407,60-69F,22
199407,70-79F,4
199407,80-89F,0
199407,90-99F,0
199407,>100F,0
199408,40-49F,0
199408,50-59F,0
199408,60-69F,7
199408,70-79F,19
199408,80-89F,5
199408,90-99F,0
199408,>100F,0
199409,40-49F,0
199409,50-59F,0
199409,60-69F,9
199409,70-79F,18
199409,80-89F,3
199409,90-99F,0
199409,>100F,0
199410,40-49F,0
199410,50-59F,0
199410,60-69F,9
199410,70-79F,18
199410,80-89F,4
199410,90-99F,0
199410,>100F,0
199411,40-49F,0
199411,50-59F,18
199411,60-69F,12
199411,70-79F,0
199411,80-89F,0
199411,90-99F,0
199411,>100F,0
199412,40-49F,0
199412,50-59F,29
199412,60-69F,2
199412,70-79F,0
199412,80-89F,0
199412,90-99F,0
199412,>100F,0
199501,40-49F,0
199501,50-59F,18
199501,60-69F,13
199501,70-79F,0
199501,80-89F,0
199501,90-99F,0
199501,>100F,0
199502,40-49F,0
199502,50-59F,9
199502,60-69F,14
199502,70-79F,5
199502,80-89F,0
199502,90-99F,0
199502,>100F,0
199503,40-49F,0
199503,50-59F,9
199503,60-69F,19
199503,70-79F,3
199503,80-89F,0
199503,90-99F,0
199503,>100F,0
199504,40-49F,0
199504,50-59F,3
199504,60-69F,25
199504,70-79F,1
199504,80-89F,1
199504,90-99F,0
199504,>100F,0
199505,40-49F,0
199505,50-59F,3
199505,60-69F,27
199505,70-79F,1
199505,80-89F,0
199505,90-99F,0
199505,>100F,0
199506,40-49F,0
199506,50-59F,0
199506,60-69F,16
199506,70-79F,11
199506,80-89F,1
199506,90-99F,2
199506,>100F,0
199507,40-49F,0
199507,50-59F,0
199507,60-69F,5
199507,70-79F,10
199507,80-89F,4
199507,90-99F,3
199507,>100F,0
199508,40-49F,0
199508,50-59F,0
199508,60-69F,11
199508,70-79F,15
199508,80-89F,5
199508,90-99F,0
199508,>100F,0
199509,40-49F,0
199509,50-59F,0
199509,60-69F,8
199509,70-79F,18
199509,80-89F,4
199509,90-99F,0
199509,>100F,0
199510,40-49F,0
199510,50-59F,2
199510,60-69F,9
199510,70-79F,12
199510,80-89F,7
199510,90-99F,1
199510,>100F,0
199511,40-49F,0
199511,50-59F,1
199511,60-69F,17
199511,70-79F,12
199511,80-89F,0
199511,90-99F,0
199511,>100F,0
199512,40-49F,0
199512,50-59F,14
199512,60-69F,16
199512,70-79F,1
199512,80-89F,0
199512,90-99F,0
199512,>100F,0
199601,40-49F,0
199601,50-59F,21
199601,60-69F,10
199601,70-79F,0
199601,80-89F,0
199601,90-99F,0
199601,>100F,0
199602,40-49F,0
199602,50-59F,14
199602,60-69F,12
199602,70-79F,3
199602,80-89F,0
199602,90-99F,0
199602,>100F,0
199603,40-49F,0
199603,50-59F,9
199603,60-69F,18
199603,70-79F,4
199603,80-89F,0
199603,90-99F,0
199603,>100F,0
199604,40-49F,0
199604,50-59F,1
199604,60-69F,19
199604,70-79F,6
199604,80-89F,4
199604,90-99F,0
199604,>100F,0
199605,40-49F,0
199605,50-59F,0
199605,60-69F,20
199605,70-79F,7
199605,80-89F,4
199605,90-99F,0
199605,>100F,0
199606,40-49F,0
199606,50-59F,1
199606,60-69F,12
199606,70-79F,12
199606,80-89F,3
199606,90-99F,2
199606,>100F,0
199607,40-49F,0
199607,50-59F,0
199607,60-69F,12
199607,70-79F,16
199607,80-89F,3
199607,90-99F,0
199607,>100F,0
199608,40-49F,0
199608,50-59F,0
199608,60-69F,12
199608,70-79F,17
199608,80-89F,2
199608,90-99F,0
199608,>100F,0
199609,40-49F,0
199609,50-59F,0
199609,60-69F,15
199609,70-79F,10
199609,80-89F,5
199609,90-99F,0
199609,>100F,0
199610,40-49F,0
199610,50-59F,1
199610,60-69F,12
199610,70-79F,9
199610,80-89F,1
199610,90-99F,0
199610,>100F,0
199611,40-49F,0
199611,50-59F,2
199611,60-69F,14
199611,70-79F,7
199611,80-89F,0
199611,90-99F,0
199611,>100F,0
199612,40-49F,0
199612,50-59F,8
199612,60-69F,22
199612,70-79F,0
199612,80-89F,0
199612,90-99F,0
199612,>100F,0
199701,40-49F,0
199701,50-59F,16
199701,60-69F,15
199701,70-79F,0
199701,80-89F,0
199701,90-99F,0
199701,>100F,0
199702,40-49F,0
199702,50-59F,5
199702,60-69F,19
199702,70-79F,4
199702,80-89F,0
199702,90-99F,0
199702,>100F,0
199703,40-49F,0
199703,50-59F,5
199703,60-69F,12
199703,70-79F,9
199703,80-89F,0
199703,90-99F,0
199703,>100F,0
199704,40-49F,0
199704,50-59F,0
199704,60-69F,12
199704,70-79F,9
199704,80-89F,0
199704,90-99F,0
199704,>100F,0
199705,40-49F,0
199705,50-59F,0
199705,60-69F,2
199705,70-79F,18
199705,80-89F,4
199705,90-99F,2
199705,>100F,0
199706,40-49F,0
199706,50-59F,0
199706,60-69F,1
199706,70-79F,14
199706,80-89F,15
199706,90-99F,0
199706,>100F,0
199707,40-49F,0
199707,50-59F,0
199707,60-69F,1
199707,70-79F,23
199707,80-89F,7
199707,90-99F,0
199707,>100F,0
199708,40-49F,0
199708,50-59F,0
199708,60-69F,1
199708,70-79F,22
199708,80-89F,8
199708,90-99F,0
199708,>100F,0
199709,40-49F,0
199709,50-59F,0
199709,60-69F,0
199709,70-79F,10
199709,80-89F,7
199709,90-99F,0
199709,>100F,0
199710,40-49F,0
199710,50-59F,0
199710,60-69F,6
199710,70-79F,13
199710,80-89F,4
199710,90-99F,0
199710,>100F,0
199711,40-49F,0
199711,50-59F,1
199711,60-69F,24
199711,70-79F,1
199711,80-89F,1
199711,90-99F,0
199711,>100F,0
199712,40-49F,0
199712,50-59F,19
199712,60-69F,12
199712,70-79F,0
199712,80-89F,0
199712,90-99F,0
199712,>100F,0
199801,40-49F,0
199801,50-59F,21
199801,60-69F,10
199801,70-79F,0
199801,80-89F,0
199801,90-99F,0
199801,>100F,0
199802,40-49F,0
199802,50-59F,21
199802,60-69F,7
199802,70-79F,0
199802,80-89F,0
199802,90-99F,0
199802,>100F,0
199803,40-49F,0
199803,50-59F,5
199803,60-69F,21
199803,70-79F,4
199803,80-89F,0
199803,90-99F,0
199803,>100F,0
199804,40-49F,0
199804,50-59F,3
199804,60-69F,19
199804,70-79F,7
199804,80-89F,1
199804,90-99F,0
199804,>100F,0
199805,40-49F,0
199805,50-59F,2
199805,60-69F,15
199805,70-79F,14
199805,80-89F,0
199805,90-99F,0
199805,>100F,0
199806,40-49F,0
199806,50-59F,0
199806,60-69F,11
199806,70-79F,16
199806,80-89F,2
199806,90-99F,1
199806,>100F,0
199807,40-49F,0
199807,50-59F,0
199807,60-69F,1
199807,70-79F,14
199807,80-89F,3
199807,90-99F,2
199807,>100F,0
199808,40-49F,0
199808,50-59F,0
199808,60-69F,3
199808,70-79F,19
199808,80-89F,5
199808,90-99F,2
199808,>100F,0
199809,40-49F,0
199809,50-59F,0
199809,60-69F,8
199809,70-79F,14
199809,80-89F,8
199809,90-99F,0
199809,>100F,0
199810,40-49F,0
199810,50-59F,0
199810,60-69F,14
199810,70-79F,13
199810,80-89F,4
199810,90-99F,0
199810,>100F,0
199811,40-49F,0
199811,50-59F,9
199811,60-69F,21
199811,70-79F,0
199811,80-89F,0
199811,90-99F,0
199811,>100F,0
199812,40-49F,5
199812,50-59F,20
199812,60-69F,5
199812,70-79F,1
199812,80-89F,0
199812,90-99F,0
199812,>100F,0
199901,40-49F,0
199901,50-59F,24
199901,60-69F,7
199901,70-79F,0
199901,80-89F,0
199901,90-99F,0
199901,>100F,0
199902,40-49F,0
199902,50-59F,22
199902,60-69F,6
199902,70-79F,0
199902,80-89F,0
199902,90-99F,0
199902,>100F,0
199903,40-49F,0
199903,50-59F,16
199903,60-69F,15
199903,70-79F,0
199903,80-89F,0
199903,90-99F,0
199903,>100F,0
199904,40-49F,0
199904,50-59F,9
199904,60-69F,12
199904,70-79F,5
199904,80-89F,4
199904,90-99F,0
199904,>100F,0
199905,40-49F,0
199905,50-59F,1
199905,60-69F,22
199905,70-79F,8
199905,80-89F,0
199905,90-99F,0
199905,>100F,0
199906,40-49F,0
199906,50-59F,0
199906,60-69F,8
199906,70-79F,19
199906,80-89F,3
199906,90-99F,0
199906,>100F,0
199907,40-49F,0
199907,50-59F,0
199907,60-69F,6
199907,70-79F,21
199907,80-89F,3
199907,90-99F,1
199907,>100F,0
199908,40-49F,0
199908,50-59F,0
199908,60-69F,2
199908,70-79F,25
199908,80-89F,4
199908,90-99F,0
199908,>100F,0
199909,40-49F,0
199909,50-59F,0
199909,60-69F,9
199909,70-79F,15
199909,80-89F,2
199909,90-99F,4
199909,>100F,0
199910,40-49F,0
199910,50-59F,0
199910,60-69F,6
199910,70-79F,10
199910,80-89F,11
199910,90-99F,0
199910,>100F,0
199911,40-49F,0
199911,50-59F,0
199911,60-69F,21
199911,70-79F,7
199911,80-89F,2
199911,90-99F,0
199911,>100F,0
199912,40-49F,0
199912,50-59F,10
199912,60-69F,17
199912,70-79F,4
199912,80-89F,0
199912,90-99F,0
199912,>100F,0
200001,40-49F,0
200001,50-59F,20
200001,60-69F,11
200001,70-79F,0
200001,80-89F,0
200001,90-99F,0
200001,>100F,0
200002,40-49F,0
200002,50-59F,13
200002,60-69F,16
200002,70-79F,0
200002,80-89F,0
200002,90-99F,0
200002,>100F,0
200003,40-49F,0
200003,50-59F,6
200003,60-69F,18
200003,70-79F,7
200003,80-89F,0
200003,90-99F,0
200003,>100F,0
200004,40-49F,0
200004,50-59F,0
200004,60-69F,18
200004,70-79F,8
200004,80-89F,4
200004,90-99F,0
200004,>100F,0
200005,40-49F,0
200005,50-59F,0
200005,60-69F,11
200005,70-79F,13
200005,80-89F,6
200005,90-99F,1
200005,>100F,0
200006,40-49F,0
200006,50-59F,0
200006,60-69F,3
200006,70-79F,22
200006,80-89F,3
200006,90-99F,1
200006,>100F,1
200007,40-49F,0
200007,50-59F,0
200007,60-69F,5
200007,70-79F,24
200007,80-89F,2
200007,90-99F,0
200007,>100F,0
200008,40-49F,0
200008,50-59F,0
200008,60-69F,3
200008,70-79F,17
200008,80-89F,10
200008,90-99F,1
200008,>100F,0
200009,40-49F,0
200009,50-59F,0
200009,60-69F,1
200009,70-79F,18
200009,80-89F,7
200009,90-99F,4
200009,>100F,0
200010,40-49F,0
200010,50-59F,1
200010,60-69F,13
200010,70-79F,15
200010,80-89F,2
200010,90-99F,0
200010,>100F,0
200011,40-49F,0
200011,50-59F,10
200011,60-69F,16
200011,70-79F,4
200011,80-89F,0
200011,90-99F,0
200011,>100F,0
200012,40-49F,0
200012,50-59F,13
200012,60-69F,18
200012,70-79F,0
200012,80-89F,0
200012,90-99F,0
200012,>100F,0
200101,40-49F,0
200101,50-59F,19
200101,60-69F,10
200101,70-79F,0
200101,80-89F,0
200101,90-99F,0
200101,>100F,0
200102,40-49F,1
200102,50-59F,9
200102,60-69F,15
200102,70-79F,3
200102,80-89F,0
200102,90-99F,0
200102,>100F,0
200103,40-49F,0
200103,50-59F,1
200103,60-69F,10
200103,70-79F,3
200103,80-89F,1
200103,90-99F,0
200103,>100F,0
200104,40-49F,0
200104,50-59F,3
200104,60-69F,17
200104,70-79F,6
200104,80-89F,1
200104,90-99F,0
200104,>100F,0
200105,40-49F,0
200105,50-59F,0
200105,60-69F,5
200105,70-79F,14
200105,80-89F,9
200105,90-99F,2
200105,>100F,1
200106,40-49F,0
200106,50-59F,0
200106,60-69F,0
200106,70-79F,17
200106,80-89F,9
200106,90-99F,4
200106,>100F,0
200107,40-49F,0
200107,50-59F,0
200107,60-69F,4
200107,70-79F,23
200107,80-89F,2
200107,90-99F,2
200107,>100F,0
200108,40-49F,0
200108,50-59F,0
200108,60-69F,1
200108,70-79F,20
200108,80-89F,10
200108,90-99F,0
200108,>100F,0
200109,40-49F,0
200109,50-59F,0
200109,60-69F,6
200109,70-79F,21
200109,80-89F,3
200109,90-99F,0
200109,>100F,0
200110,40-49F,0
200110,50-59F,0
200110,60-69F,9
200110,70-79F,14
200110,80-89F,5
200110,90-99F,3
200110,>100F,0
200111,40-49F,0
200111,50-59F,6
200111,60-69F,17
200111,70-79F,7
200111,80-89F,0
200111,90-99F,0
200111,>100F,0
200112,40-49F,0
200112,50-59F,28
200112,60-69F,3
200112,70-79F,0
200112,80-89F,0
200112,90-99F,0
200112,>100F,0
200201,40-49F,1
200201,50-59F,23
200201,60-69F,7
200201,70-79F,0
200201,80-89F,0
200201,90-99F,0
200201,>100F,0
200202,40-49F,0
200202,50-59F,9
200202,60-69F,14
200202,70-79F,5
200202,80-89F,0
200202,90-99F,0
200202,>100F,0
200203,40-49F,0
200203,50-59F,4
200203,60-69F,21
200203,70-79F,6
200203,80-89F,0
200203,90-99F,0
200203,>100F,0
200204,40-49F,0
200204,50-59F,3
200204,60-69F,17
200204,70-79F,8
200204,80-89F,2
200204,90-99F,0
200204,>100F,0
200205,40-49F,0
200205,50-59F,1
200205,60-69F,12
200205,70-79F,17
200205,80-89F,1
200205,90-99F,0
200205,>100F,0
200206,40-49F,0
200206,50-59F,0
200206,60-69F,4
200206,70-79F,15
200206,80-89F,9
200206,90-99F,2
200206,>100F,0
200207,40-49F,0
200207,50-59F,0
200207,60-69F,1
200207,70-79F,24
200207,80-89F,3
200207,90-99F,3
200207,>100F,0
200208,40-49F,0
200208,50-59F,0
200208,60-69F,5
200208,70-79F,19
200208,80-89F,4
200208,90-99F,3
200208,>100F,0
200209,40-49F,0
200209,50-59F,0
200209,60-69F,3
200209,70-79F,16
200209,80-89F,6
200209,90-99F,5
200209,>100F,0
200210,40-49F,0
200210,50-59F,2
200210,60-69F,10
200210,70-79F,12
200210,80-89F,5
200210,90-99F,2
200210,>100F,0
200211,40-49F,0
200211,50-59F,0
200211,60-69F,18
200211,70-79F,12
200211,80-89F,0
200211,90-99F,0
200211,>100F,0
200212,40-49F,0
200212,50-59F,13
200212,60-69F,18
200212,70-79F,0
200212,80-89F,0
200212,90-99F,0
200212,>100F,0
200301,40-49F,0
200301,50-59F,5
200301,60-69F,26
200301,70-79F,0
200301,80-89F,0
200301,90-99F,0
200301,>100F,0
200302,40-49F,0
200302,50-59F,4
200302,60-69F,22
200302,70-79F,2
200302,80-89F,0
200302,90-99F,0
200302,>100F,0
200303,40-49F,0
200303,50-59F,1
200303,60-69F,21
200303,70-79F,7
200303,80-89F,2
200303,90-99F,0
200303,>100F,0
200304,40-49F,0
200304,50-59F,1
200304,60-69F,22
200304,70-79F,7
200304,80-89F,0
200304,90-99F,0
200304,>100F,0
200305,40-49F,0
200305,50-59F,0
200305,60-69F,13
200305,70-79F,13
200305,80-89F,4
200305,90-99F,1
200305,>100F,0
200306,40-49F,0
200306,50-59F,0
200306,60-69F,4
200306,70-79F,15
200306,80-89F,8
200306,90-99F,1
200306,>100F,2
200307,40-49F,0
200307,50-59F,0
200307,60-69F,0
200307,70-79F,18
200307,80-89F,10
200307,90-99F,3
200307,>100F,0
200308,40-49F,0
200308,50-59F,0
200308,60-69F,0
200308,70-79F,16
200308,80-89F,14
200308,90-99F,1
200308,>100F,0
200309,40-49F,0
200309,50-59F,0
200309,60-69F,1
200309,70-79F,19
200309,80-89F,3
200309,90-99F,5
200309,>100F,2
200310,40-49F,0
200310,50-59F,0
200310,60-69F,5
200310,70-79F,15
200310,80-89F,7
200310,90-99F,4
200310,>100F,0
200311,40-49F,0
200311,50-59F,6
200311,60-69F,22
200311,70-79F,2
200311,80-89F,0
200311,90-99F,0
200311,>100F,0
200312,40-49F,0
200312,50-59F,16
200312,60-69F,15
200312,70-79F,0
200312,80-89F,0
200312,90-99F,0
200312,>100F,0
200401,40-49F,0
200401,50-59F,23
200401,60-69F,8
200401,70-79F,0
200401,80-89F,0
200401,90-99F,0
200401,>100F,0
200402,40-49F,0
200402,50-59F,8
200402,60-69F,21
200402,70-79F,0
200402,80-89F,0
200402,90-99F,0
200402,>100F,0
200403,40-49F,0
200403,50-59F,1
200403,60-69F,13
200403,70-79F,6
200403,80-89F,11
200403,90-99F,0
200403,>100F,0
200404,40-49F,0
200404,50-59F,1
200404,60-69F,13
200404,70-79F,9
200404,80-89F,4
200404,90-99F,3
200404,>100F,0
200405,40-49F,0
200405,50-59F,0
200405,60-69F,2
200405,70-79F,25
200405,80-89F,4
200405,90-99F,0
200405,>100F,0
200406,40-49F,0
200406,50-59F,0
200406,60-69F,1
200406,70-79F,15
200406,80-89F,14
200406,90-99F,0
200406,>100F,0
200407,40-49F,0
200407,50-59F,0
200407,60-69F,2
200407,70-79F,23
200407,80-89F,6
200407,90-99F,0
200407,>100F,0
200408,40-49F,0
200408,50-59F,0
200408,60-69F,4
200408,70-79F,18
200408,80-89F,7
200408,90-99F,2
200408,>100F,0
200409,40-49F,0
200409,50-59F,0
200409,60-69F,2
200409,70-79F,8
200409,80-89F,14
200409,90-99F,5
200409,>100F,1
200410,40-49F,0
200410,50-59F,0
200410,60-69F,19
200410,70-79F,8
200410,80-89F,2
200410,90-99F,2
200410,>100F,0
200411,40-49F,0
200411,50-59F,4
200411,60-69F,23
200411,70-79F,3
200411,80-89F,0
200411,90-99F,0
200411,>100F,0
200412,40-49F,0
200412,50-59F,16
200412,60-69F,15
200412,70-79F,0
200412,80-89F,0
200412,90-99F,0
200412,>100F,0
200501,40-49F,2
200501,50-59F,21
200501,60-69F,8
200501,70-79F,0
200501,80-89F,0
200501,90-99F,0
200501,>100F,0
200502,40-49F,0
200502,50-59F,7
200502,60-69F,20
200502,70-79F,1
200502,80-89F,0
200502,90-99F,0
200502,>100F,0
200503,40-49F,0
200503,50-59F,2
200503,60-69F,22
200503,70-79F,6
200503,80-89F,1
200503,90-99F,0
200503,>100F,0
200504,40-49F,0
200504,50-59F,0
200504,60-69F,17
200504,70-79F,13
200504,80-89F,0
200504,90-99F,0
200504,>100F,0
200505,40-49F,0
200505,50-59F,0
200505,60-69F,8
200505,70-79F,19
200505,80-89F,4
200505,90-99F,0
200505,>100F,0
200506,40-49F,0
200506,50-59F,0
200506,60-69F,3
200506,70-79F,18
200506,80-89F,9
200506,90-99F,0
200506,>100F,0
200507,40-49F,0
200507,50-59F,0
200507,60-69F,0
200507,70-79F,26
200507,80-89F,4
200507,90-99F,1
200507,>100F,0
200508,40-49F,0
200508,50-59F,0
200508,60-69F,4
200508,70-79F,24
200508,80-89F,2
200508,90-99F,1
200508,>100F,0
200509,40-49F,0
200509,50-59F,0
200509,60-69F,6
200509,70-79F,19
200509,80-89F,4
200509,90-99F,1
200509,>100F,0
200510,40-49F,0
200510,50-59F,0
200510,60-69F,10
200510,70-79F,15
200510,80-89F,6
200510,90-99F,0
200510,>100F,0
200511,40-49F,0
200511,50-59F,4
200511,60-69F,13
200511,70-79F,13
200511,80-89F,0
200511,90-99F,0
200511,>100F,0
200512,40-49F,0
200512,50-59F,2
200512,60-69F,3
200512,70-79F,0
200512,80-89F,0
200512,90-99F,0
200512,>100F,0
200601,40-49F,0
200601,50-59F,14
200601,60-69F,11
200601,70-79F,0
200601,80-89F,0
200601,90-99F,0
200601,>100F,0
200602,40-49F,0
200602,50-59F,9
200602,60-69F,12
200602,70-79F,7
200602,80-89F,0
200602,90-99F,0
200602,>100F,0
200603,40-49F,0
200603,50-59F,13
200603,60-69F,18
200603,70-79F,0
200603,80-89F,0
200603,90-99F,0
200603,>100F,0
200604,40-49F,0
200604,50-59F,4
200604,60-69F,18
200604,70-79F,8
200604,80-89F,0
200604,90-99F,0
200604,>100F,0
200605,40-49F,0
200605,50-59F,0
200605,60-69F,6
200605,70-79F,23
200605,80-89F,1
200605,90-99F,1
200605,>100F,0
200606,40-49F,0
200606,50-59F,0
200606,60-69F,3
200606,70-79F,18
200606,80-89F,6
200606,90-99F,3
200606,>100F,0
200607,40-49F,0
200607,50-59F,0
200607,60-69F,1
200607,70-79F,15
200607,80-89F,12
200607,90-99F,2
200607,>100F,1
200608,40-49F,0
200608,50-59F,0
200608,60-69F,2
200608,70-79F,25
200608,80-89F,3
200608,90-99F,1
200608,>100F,0
200609,40-49F,0
200609,50-59F,0
200609,60-69F,6
200609,70-79F,14
200609,80-89F,8
200609,90-99F,2
200609,>100F,0
200610,40-49F,0
200610,50-59F,0
200610,60-69F,7
200610,70-79F,14
200610,80-89F,10
200610,90-99F,0
200610,>100F,0
200611,40-49F,0
200611,50-59F,4
200611,60-69F,19
200611,70-79F,7
200611,80-89F,0
200611,90-99F,0
200611,>100F,0
200612,40-49F,0
200612,50-59F,11
200612,60-69F,17
200612,70-79F,3
200612,80-89F,0
200612,90-99F,0
200612,>100F,0
200701,40-49F,0
200701,50-59F,12
200701,60-69F,17
200701,70-79F,2
200701,80-89F,0
200701,90-99F,0
200701,>100F,0
200702,40-49F,0
200702,50-59F,8
200702,60-69F,16
200702,70-79F,4
200702,80-89F,0
200702,90-99F,0
200702,>100F,0
200703,40-49F,0
200703,50-59F,2
200703,60-69F,13
200703,70-79F,12
200703,80-89F,4
200703,90-99F,0
200703,>100F,0
200704,40-49F,0
200704,50-59F,1
200704,60-69F,14
200704,70-79F,13
200704,80-89F,2
200704,90-99F,0
200704,>100F,0
200705,40-49F,0
200705,50-59F,0
200705,60-69F,15
200705,70-79F,11
200705,80-89F,3
200705,90-99F,2
200705,>100F,0
200706,40-49F,0
200706,50-59F,0
200706,60-69F,4
200706,70-79F,15
200706,80-89F,8
200706,90-99F,3
200706,>100F,0
200707,40-49F,0
200707,50-59F,0
200707,60-69F,1
200707,70-79F,18
200707,80-89F,12
200707,90-99F,0
200707,>100F,0
200708,40-49F,0
200708,50-59F,0
200708,60-69F,2
200708,70-79F,20
200708,80-89F,9
200708,90-99F,0
200708,>100F,0
200709,40-49F,0
200709,50-59F,0
200709,60-69F,4
200709,70-79F,19
200709,80-89F,5
200709,90-99F,2
200709,>100F,0
200710,40-49F,0
200710,50-59F,0
200710,60-69F,14
200710,70-79F,12
200710,80-89F,5
200710,90-99F,0
200710,>100F,0
200711,40-49F,0
200711,50-59F,0
200711,60-69F,21
200711,70-79F,7
200711,80-89F,2
200711,90-99F,0
200711,>100F,0
200712,40-49F,1
200712,50-59F,20
200712,60-69F,10
200712,70-79F,0
200712,80-89F,0
200712,90-99F,0
200712,>100F,0
200802,40-49F,0
200802,50-59F,12
200802,60-69F,10
200802,70-79F,7
200802,80-89F,0
200802,90-99F,0
200802,>100F,0
200803,40-49F,0
200803,50-59F,0
200803,60-69F,21
200803,70-79F,10
200803,80-89F,0
200803,90-99F,0
200803,>100F,0
200804,40-49F,0
200804,50-59F,0
200804,60-69F,19
200804,70-79F,6
200804,80-89F,4
200804,90-99F,1
200804,>100F,0
200805,40-49F,0
200805,50-59F,0
200805,60-69F,13
200805,70-79F,12
200805,80-89F,3
200805,90-99F,2
200805,>100F,1
200806,40-49F,0
200806,50-59F,0
200806,60-69F,9
200806,70-79F,10
200806,80-89F,5
200806,90-99F,5
200806,>100F,1
200807,40-49F,0
200807,50-59F,0
200807,60-69F,2
200807,70-79F,24
200807,80-89F,4
200807,90-99F,1
200807,>100F,0
200808,40-49F,0
200808,50-59F,0
200808,60-69F,0
200808,70-79F,20
200808,80-89F,8
200808,90-99F,3
200808,>100F,0
200809,40-49F,0
200809,50-59F,0
200809,60-69F,1
200809,70-79F,17
200809,80-89F,6
200809,90-99F,6
200809,>100F,0
200810,40-49F,0
200810,50-59F,0
200810,60-69F,3
200810,70-79F,14
200810,80-89F,12
200810,90-99F,2
200810,>100F,0
200811,40-49F,0
200811,50-59F,0
200811,60-69F,19
200811,70-79F,7
200811,80-89F,4
200811,90-99F,0
200811,>100F,0
200812,40-49F,1
200812,50-59F,17
200812,60-69F,11
200812,70-79F,2
200812,80-89F,0
200812,90-99F,0
200812,>100F,0
200901,40-49F,0
200901,50-59F,6
200901,60-69F,4
200901,70-79F,6
200901,80-89F,0
200901,90-99F,0
200901,>100F,0
200902,40-49F,0
200902,50-59F,12
200902,60-69F,12
200902,70-79F,3
200902,80-89F,0
200902,90-99F,0
200902,>100F,0
200903,40-49F,0
200903,50-59F,6
200903,60-69F,16
200903,70-79F,9
200903,80-89F,0
200903,90-99F,0
200903,>100F,0
200904,40-49F,0
200904,50-59F,0
200904,60-69F,16
200904,70-79F,10
200904,80-89F,1
200904,90-99F,3
200904,>100F,0
200905,40-49F,0
200905,50-59F,2
200905,60-69F,14
200905,70-79F,13
200905,80-89F,0
200905,90-99F,2
200905,>100F,0
200906,40-49F,0
200906,50-59F,0
200906,60-69F,5
200906,70-79F,20
200906,80-89F,5
200906,90-99F,0
200906,>100F,0
200907,40-49F,0
200907,50-59F,0
200907,60-69F,2
200907,70-79F,22
200907,80-89F,6
200907,90-99F,1
200907,>100F,0
200908,40-49F,0
200908,50-59F,0
200908,60-69F,0
200908,70-79F,19
200908,80-89F,8
200908,90-99F,3
200908,>100F,1
200909,40-49F,0
200909,50-59F,0
200909,60-69F,1
200909,70-79F,13
200909,80-89F,11
200909,90-99F,5
200909,>100F,0
200910,40-49F,0
200910,50-59F,0
200910,60-69F,10
200910,70-79F,16
200910,80-89F,5
200910,90-99F,0
200910,>100F,0
200911,40-49F,0
200911,50-59F,1
200911,60-69F,20
200911,70-79F,7
200911,80-89F,2
200911,90-99F,0
200911,>100F,0
200912,40-49F,3
200912,50-59F,14
200912,60-69F,14
200912,70-79F,0
200912,80-89F,0
200912,90-99F,0
200912,>100F,0
